node	aanvraag	0	25986	25986	und	0	ict.tsctotem@uwv.nl	\N
node	aanvraag	0	26013	26013	und	0	ict.tsctotem@uwv.nl	\N
node	aanvraag	0	26185	26185	und	0	ict.tsctotem@uwv.nl	\N
node	aanvraag	0	26193	26193	und	0	ict.tsctotem@uwv.nl	\N
node	aanvraag	0	26283	26283	und	0	ict.tsctotem@uwv.nl	\N
node	aanvraag	0	26302	26302	und	0	ict.tsctotem@uwv.nl	\N
node	aanvraag	0	26307	26307	und	0	ict.tsctotem@uwv.nl	\N
node	aanvraag	0	26310	26310	und	0	ict.tsctotem@uwv.nl	\N
node	aanvraag	0	26506	26506	und	0	ict.tsctotem@uwv.nl	\N
node	aanvraag	0	26507	26507	und	0	ict.tsctotem@uwv.nl	\N
node	aanvraag	0	26514	26514	und	0	ict.tsctotem@uwv.nl	\N
node	aanvraag	0	26595	26595	und	0	ict.tsctotem@uwv.nl	\N
node	aanvraag	0	26627	26627	und	0	ict.tsctotem@uwv.nl	\N
node	aanvraag	0	26728	26728	und	0	ict.tsctotem@uwv.nl	\N
node	aanvraag	0	26814	26814	und	0	ict.tsctotem@uwv.nl	\N
node	aanvraag	0	26916	26916	und	0	ict.tsctotem@uwv.nl	\N
node	aanvraag	0	26920	26920	und	0	ict.tsctotem@uwv.nl	\N
node	aanvraag	0	27017	27017	und	0	ict.tsctotem@uwv.nl	\N
node	aanvraag	0	27077	27077	und	0	ict.tsctotem@uwv.nl	\N
node	aanvraag	0	27092	27092	und	0	ict.tsctotem@uwv.nl	\N
node	aanvraag	0	27121	27121	und	0	ict.tsctotem@uwv.nl	\N
node	aanvraag	0	27149	27149	und	0	ict.tsctotem@uwv.nl	\N
node	aanvraag	0	27192	27192	und	0	ict.tsctotem@uwv.nl	\N
node	aanvraag	0	27228	27228	und	0	ict.tsctotem@uwv.nl	\N
node	aanvraag	0	27229	27229	und	0	ict.tsctotem@uwv.nl	\N
node	aanvraag	0	27230	27230	und	0	ict.tsctotem@uwv.nl	\N
node	aanvraag	0	27276	27276	und	0	ict.tsctotem@uwv.nl	\N
node	aanvraag	0	27309	27309	und	0	ict.tsctotem@uwv.nl	\N
node	aanvraag	0	27443	27443	und	0	ict.tsctotem@uwv.nl	\N
node	aanvraag	0	27464	27464	und	0	ict.tsctotem@uwv.nl	\N
node	aanvraag	0	27479	27479	und	0	ict.tsctotem@uwv.nl	\N
node	aanvraag	0	27527	27527	und	0	ict.tsctotem@uwv.nl	\N
node	aanvraag	0	27631	27631	und	0	ict.tsctotem@uwv.nl	\N
node	aanvraag	0	27647	27647	und	0	ict.tsctotem@uwv.nl	\N
node	aanvraag	0	27828	27828	und	0	ict.tsctotem@uwv.nl	\N
node	aanvraag	0	27833	27833	und	0	ict.tsctotem@uwv.nl	\N
node	aanvraag	0	27841	27841	und	0	ict.tsctotem@uwv.nl	\N
node	aanvraag	0	27854	27854	und	0	ict.tsctotem@uwv.nl	\N
node	aanvraag	0	27907	27907	und	0	ict.tsctotem@uwv.nl	\N
node	aanvraag	0	27917	27917	und	0	ict.tsctotem@uwv.nl	\N
node	aanvraag	0	28010	28010	und	0	ict.tsctotem@uwv.nl	\N
node	aanvraag	0	28137	28137	und	0	ict.tsctotem@uwv.nl	\N
node	aanvraag	0	28343	28343	und	0	ict.tsctotem@uwv.nl	\N
node	aanvraag	0	28448	28448	und	0	ict.tsctotem@uwv.nl	\N
node	aanvraag	0	28449	28449	und	0	ict.tsctotem@uwv.nl	\N
node	aanvraag	0	28701	28701	und	0	ict.tsctotem@uwv.nl	\N
node	aanvraag	0	28713	28713	und	0	ict.tsctotem@uwv.nl	\N
node	aanvraag	0	28720	28720	und	0	ict.tsctotem@uwv.nl	\N
node	aanvraag	0	28735	28735	und	0	ict.tsctotem@uwv.nl	\N
node	aanvraag	0	28737	28737	und	0	ict.tsctotem@uwv.nl	\N
node	aanvraag	0	28752	28752	und	0	ict.tsctotem@uwv.nl	\N
node	aanvraag	0	28758	28758	und	0	ict.tsctotem@uwv.nl	\N
node	aanvraag	0	28961	28961	und	0	ict.tsctotem@uwv.nl	\N
node	aanvraag	0	29022	29022	und	0	ict.tsctotem@uwv.nl	\N
node	aanvraag	0	29068	29068	und	0	ict.tsctotem@uwv.nl	\N
node	aanvraag	0	29090	29090	und	0	ict.tsctotem@uwv.nl	\N
node	aanvraag	0	29103	29103	und	0	ict.tsctotem@uwv.nl	\N
node	aanvraag	0	29104	29104	und	0	ict.tsctotem@uwv.nl	\N
node	aanvraag	0	29122	29122	und	0	ict.tsctotem@uwv.nl	\N
node	aanvraag	0	29129	29129	und	0	ict.tsctotem@uwv.nl	\N
node	aanvraag	0	29156	29156	und	0	ict.tsctotem@uwv.nl	\N
node	aanvraag	0	29201	29201	und	0	ict.tsctotem@uwv.nl	\N
node	aanvraag	0	29295	29295	und	0	ict.tsctotem@uwv.nl	\N
node	aanvraag	0	29296	29296	und	0	ict.tsctotem@uwv.nl	\N
node	aanvraag	0	29329	29329	und	0	ict.tsctotem@uwv.nl	\N
node	aanvraag	0	29347	29347	und	0	ict.tsctotem@uwv.nl	\N
node	aanvraag	0	29373	29373	und	0	ict.tsctotem@uwv.nl	\N
node	aanvraag	0	29437	29437	und	0	ict.tsctotem@uwv.nl	\N
node	aanvraag	0	29533	29533	und	0	ict.tsctotem@uwv.nl	\N
node	aanvraag	0	29547	29547	und	0	ict.tsctotem@uwv.nl	\N
node	aanvraag	0	29658	29658	und	0	ict.tsctotem@uwv.nl	\N
node	aanvraag	0	29659	29659	und	0	ict.tsctotem@uwv.nl	\N
node	aanvraag	0	29661	29661	und	0	ict.tsctotem@uwv.nl	\N
node	aanvraag	0	29737	29737	und	0	ict.tsctotem@uwv.nl	\N
node	aanvraag	0	29745	29745	und	0	ict.tsctotem@uwv.nl	\N
node	aanvraag	0	29817	29817	und	0	ict.tsctotem@uwv.nl	\N
node	aanvraag	0	29830	29830	und	0	ict.tsctotem@uwv.nl	\N
node	aanvraag	0	29927	29927	und	0	ict.tsctotem@uwv.nl	\N
node	aanvraag	0	29981	29981	und	0	ict.tsctotem@uwv.nl	\N
node	aanvraag	0	30124	30124	und	0	ict.tsctotem@uwv.nl	\N
node	aanvraag	0	30125	30125	und	0	ict.tsctotem@uwv.nl	\N
node	aanvraag	0	30171	30171	und	0	ict.tsctotem@uwv.nl	\N
node	aanvraag	0	30249	30249	und	0	ict.tsctotem@uwv.nl	\N
node	aanvraag	0	30255	30255	und	0	ict.tsctotem@uwv.nl	\N
node	aanvraag	0	30283	30283	und	0	ict.tsctotem@uwv.nl	\N
node	aanvraag	0	30331	30331	und	0	ict.tsctotem@uwv.nl	\N
node	aanvraag	0	30426	30426	und	0	ict.tsctotem@uwv.nl	\N
node	aanvraag	0	30433	30433	und	0	ict.tsctotem@uwv.nl	\N
node	aanvraag	0	30488	30488	und	0	ict.tsctotem@uwv.nl	\N
node	aanvraag	0	30529	30529	und	0	ict.tsctotem@uwv.nl	\N
node	aanvraag	0	30537	30537	und	0	ict.tsctotem@uwv.nl	\N
node	aanvraag	0	30541	30541	und	0	ict.tsctotem@uwv.nl	\N
node	aanvraag	0	30606	30606	und	0	ict.tsctotem@uwv.nl	\N
node	aanvraag	0	30623	30623	und	0	ict.tsctotem@uwv.nl	\N
node	aanvraag	0	30667	30667	und	0	ict.tsctotem@uwv.nl	\N
node	aanvraag	0	30668	30668	und	0	ict.tsctotem@uwv.nl	\N
node	aanvraag	0	30672	30672	und	0	ict.tsctotem@uwv.nl	\N
node	aanvraag	0	30673	30673	und	0	ict.tsctotem@uwv.nl	\N
node	aanvraag	0	30820	30820	und	0	ict.tsctotem@uwv.nl	\N
node	aanvraag	0	30859	30859	und	0	ict.tsctotem@uwv.nl	\N
node	aanvraag	0	30885	30885	und	0	ict.tsctotem@uwv.nl	\N
node	aanvraag	0	30959	30959	und	0	ict.tsctotem@uwv.nl	\N
node	aanvraag	0	31072	31072	und	0	ict.tsctotem@uwv.nl	\N
node	aanvraag	0	31079	31079	und	0	ict.tsctotem@uwv.nl	\N
node	aanvraag	0	31085	31085	und	0	ict.tsctotem@uwv.nl	\N
node	aanvraag	0	31125	31125	und	0	ict.tsctotem@uwv.nl	\N
node	aanvraag	0	31126	31126	und	0	ict.tsctotem@uwv.nl	\N
node	aanvraag	0	31210	31210	und	0	ict.tsctotem@uwv.nl	\N
node	aanvraag	0	31218	31218	und	0	ict.tsctotem@uwv.nl	\N
node	aanvraag	0	31262	31262	und	0	ict.tsctotem@uwv.nl	\N
node	aanvraag	0	31265	31265	und	0	ict.tsctotem@uwv.nl	\N
node	aanvraag	0	33000	33000	und	0	ict.tsctotem@uwv.nl	\N
node	aanvraag	0	35057	35057	und	0	ict.tsctotem@uwv.nl	\N
node	aanvraag	0	35072	35072	und	0	ict.tsctotem@uwv.nl	\N
node	aanvraag	0	35090	35090	und	0	ict.tsctotem@uwv.nl	\N
node	aanvraag	0	35095	35095	und	0	ict.tsctotem@uwv.nl	\N
node	aanvraag	0	35134	35134	und	0	ict.tsctotem@uwv.nl	\N
node	aanvraag	0	35135	35135	und	0	ict.tsctotem@uwv.nl	\N
node	aanvraag	0	35175	35175	und	0	ict.tsctotem@uwv.nl	\N
node	aanvraag	0	35176	35176	und	0	ict.tsctotem@uwv.nl	\N
node	aanvraag	0	35177	35177	und	0	ict.tsctotem@uwv.nl	\N
node	aanvraag	0	35206	35206	und	0	ict.tsctotem@uwv.nl	\N
node	aanvraag	0	35273	35273	und	0	ict.tsctotem@uwv.nl	\N
node	aanvraag	0	35280	35280	und	0	ict.tsctotem@uwv.nl	\N
node	aanvraag	0	35307	35307	und	0	ict.tsctotem@uwv.nl	\N
node	aanvraag	0	35367	35367	und	0	ict.tsctotem@uwv.nl	\N
node	aanvraag	0	35368	35368	und	0	ict.tsctotem@uwv.nl	\N
node	aanvraag	0	35452	35452	und	0	ict.tsctotem@uwv.nl	\N
node	aanvraag	0	35473	35473	und	0	ict.tsctotem@uwv.nl	\N
node	aanvraag	0	35513	35513	und	0	ict.tsctotem@uwv.nl	\N
node	aanvraag	0	35568	35568	und	0	ict.tsctotem@uwv.nl	\N
node	aanvraag	0	35569	35569	und	0	ict.tsctotem@uwv.nl	\N
node	aanvraag	0	35570	35570	und	0	ict.tsctotem@uwv.nl	\N
node	aanvraag	0	35613	35613	und	0	ict.tsctotem@uwv.nl	\N
node	aanvraag	0	35656	35656	und	0	ict.tsctotem@uwv.nl	\N
node	aanvraag	0	35659	35659	und	0	ict.tsctotem@uwv.nl	\N
node	aanvraag	0	35660	35660	und	0	ict.tsctotem@uwv.nl	\N
node	aanvraag	0	35661	35661	und	0	ict.tsctotem@uwv.nl	\N
node	aanvraag	0	35671	35671	und	0	ict.tsctotem@uwv.nl	\N
node	aanvraag	0	35678	35678	und	0	ict.tsctotem@uwv.nl	\N
node	aanvraag	0	35682	35682	und	0	ict.tsctotem@uwv.nl	\N
node	aanvraag	0	35737	35737	und	0	ict.tsctotem@uwv.nl	\N
node	aanvraag	0	35749	35749	und	0	ict.tsctotem@uwv.nl	\N
node	aanvraag	0	35768	35768	und	0	ict.tsctotem@uwv.nl	\N
node	aanvraag	0	35830	35830	und	0	ict.tsctotem@uwv.nl	\N
node	aanvraag	0	35854	35854	und	0	ict.tsctotem@uwv.nl	\N
node	aanvraag	0	35862	35862	und	0	ict.tsctotem@uwv.nl	\N
node	aanvraag	0	35895	35895	und	0	ict.tsctotem@uwv.nl	\N
node	aanvraag	0	35930	35930	und	0	ict.tsctotem@uwv.nl	\N
node	aanvraag	0	35947	35947	und	0	ict.tsctotem@uwv.nl	\N
node	aanvraag	0	35948	35948	und	0	ict.tsctotem@uwv.nl	\N
node	aanvraag	0	36013	36013	und	0	ict.tsctotem@uwv.nl	\N
node	aanvraag	0	36017	36017	und	0	ict.tsctotem@uwv.nl	\N
node	aanvraag	0	36019	36019	und	0	ict.tsctotem@uwv.nl	\N
node	aanvraag	0	36067	36067	und	0	ict.tsctotem@uwv.nl	\N
node	aanvraag	0	36166	36166	und	0	ict.tsctotem@uwv.nl	\N
node	aanvraag	0	36176	36176	und	0	ict.tsctotem@uwv.nl	\N
node	aanvraag	0	36202	36202	und	0	ict.tsctotem@uwv.nl	\N
node	aanvraag	0	36210	36210	und	0	ict.tsctotem@uwv.nl	\N
node	aanvraag	0	36254	36254	und	0	ict.tsctotem@uwv.nl	\N
node	aanvraag	0	36271	36271	und	0	ict.tsctotem@uwv.nl	\N
node	aanvraag	0	36272	36272	und	0	ict.tsctotem@uwv.nl	\N
node	aanvraag	0	36471	36471	und	0	ict.tsctotem@uwv.nl	\N
node	aanvraag	0	36521	36521	und	0	ict.tsctotem@uwv.nl	\N
node	aanvraag	0	36522	36522	und	0	ict.tsctotem@uwv.nl	\N
node	aanvraag	0	36539	36539	und	0	ict.tsctotem@uwv.nl	\N
node	aanvraag	0	36654	36654	und	0	ict.tsctotem@uwv.nl	\N
node	aanvraag	0	36664	36664	und	0	ict.tsctotem@uwv.nl	\N
node	aanvraag	0	36714	36714	und	0	ict.tsctotem@uwv.nl	\N
node	aanvraag	0	36749	36749	und	0	ict.tsctotem@uwv.nl	\N
node	aanvraag	0	36750	36750	und	0	ict.tsctotem@uwv.nl	\N
node	aanvraag	0	36773	36773	und	0	ict.tsctotem@uwv.nl	\N
node	aanvraag	0	36774	36774	und	0	ict.tsctotem@uwv.nl	\N
node	aanvraag	0	36775	36775	und	0	ict.tsctotem@uwv.nl	\N
node	aanvraag	0	36776	36776	und	0	ict.tsctotem@uwv.nl	\N
node	aanvraag	0	36777	36777	und	0	ict.tsctotem@uwv.nl	\N
node	aanvraag	0	36778	36778	und	0	ict.tsctotem@uwv.nl	\N
node	aanvraag	0	36779	36779	und	0	ict.tsctotem@uwv.nl	\N
node	aanvraag	0	36887	36887	und	0	ict.tsctotem@uwv.nl	\N
node	aanvraag	0	36888	36888	und	0	ict.tsctotem@uwv.nl	\N
node	aanvraag	0	36889	36889	und	0	ict.tsctotem@uwv.nl	\N
node	aanvraag	0	36905	36905	und	0	ict.tsctotem@uwv.nl	\N
node	aanvraag	0	36987	36987	und	0	ict.tsctotem@uwv.nl	\N
node	aanvraag	0	37002	37002	und	0	ict.tsctotem@uwv.nl	\N
node	aanvraag	0	37071	37071	und	0	ict.tsctotem@uwv.nl	\N
node	aanvraag	0	37077	37077	und	0	ict.tsctotem@uwv.nl	\N
node	aanvraag	0	37322	37322	und	0	ict.tsctotem@uwv.nl	\N
node	aanvraag	0	37323	37323	und	0	ict.tsctotem@uwv.nl	\N
node	aanvraag	0	37329	37329	und	0	ict.tsctotem@uwv.nl	\N
node	aanvraag	0	37354	37354	und	0	ict.tsctotem@uwv.nl	\N
node	aanvraag	0	37370	37370	und	0	ict.tsctotem@uwv.nl	\N
node	aanvraag	0	37417	37417	und	0	ict.tsctotem@uwv.nl	\N
node	aanvraag	0	37437	37437	und	0	ict.tsctotem@uwv.nl	\N
node	aanvraag	0	37438	37438	und	0	ict.tsctotem@uwv.nl	\N
node	aanvraag	0	37439	37439	und	0	ict.tsctotem@uwv.nl	\N
node	aanvraag	0	37501	37501	und	0	ict.tsctotem@uwv.nl	\N
node	aanvraag	0	37509	37509	und	0	ict.tsctotem@uwv.nl	\N
node	aanvraag	0	37543	37543	und	0	ict.tsctotem@uwv.nl	\N
node	aanvraag	0	37565	37565	und	0	ict.tsctotem@uwv.nl	\N
node	aanvraag	0	37566	37566	und	0	ict.tsctotem@uwv.nl	\N
node	aanvraag	0	37582	37582	und	0	ict.tsctotem@uwv.nl	\N
node	aanvraag	0	37583	37583	und	0	ict.tsctotem@uwv.nl	\N
node	aanvraag	0	37592	37592	und	0	ict.tsctotem@uwv.nl	\N
node	aanvraag	0	37608	37608	und	0	ict.tsctotem@uwv.nl	\N
node	aanvraag	0	37626	37626	und	0	ict.tsctotem@uwv.nl	\N
node	aanvraag	0	37631	37631	und	0	ict.tsctotem@uwv.nl	\N
node	aanvraag	0	37664	37664	und	0	ict.tsctotem@uwv.nl	\N
node	aanvraag	0	37678	37678	und	0	ict.tsctotem@uwv.nl	\N
node	aanvraag	0	37679	37679	und	0	ict.tsctotem@uwv.nl	\N
node	aanvraag	0	37680	37680	und	0	ict.tsctotem@uwv.nl	\N
node	aanvraag	0	37701	37701	und	0	ict.tsctotem@uwv.nl	\N
node	aanvraag	0	37714	37714	und	0	ict.tsctotem@uwv.nl	\N
node	aanvraag	0	37719	37719	und	0	ict.tsctotem@uwv.nl	\N
node	aanvraag	0	37736	37736	und	0	ict.tsctotem@uwv.nl	\N
node	aanvraag	0	37757	37757	und	0	ict.tsctotem@uwv.nl	\N
node	aanvraag	0	37789	37789	und	0	ict.tsctotem@uwv.nl	\N
node	aanvraag	0	37790	37790	und	0	ict.tsctotem@uwv.nl	\N
node	aanvraag	0	37792	37792	und	0	ict.tsctotem@uwv.nl	\N
node	aanvraag	0	37831	37831	und	0	ict.tsctotem@uwv.nl	\N
node	aanvraag	0	37838	37838	und	0	ict.tsctotem@uwv.nl	\N
node	aanvraag	0	37840	37840	und	0	ict.tsctotem@uwv.nl	\N
node	aanvraag	0	37895	37895	und	0	ict.tsctotem@uwv.nl	\N
node	aanvraag	0	37896	37896	und	0	ict.tsctotem@uwv.nl	\N
node	aanvraag	0	37897	37897	und	0	ict.tsctotem@uwv.nl	\N
node	aanvraag	0	37898	37898	und	0	ict.tsctotem@uwv.nl	\N
node	aanvraag	0	37916	37916	und	0	ict.tsctotem@uwv.nl	\N
node	aanvraag	0	37930	37930	und	0	ict.tsctotem@uwv.nl	\N
node	aanvraag	0	38113	38113	und	0	ict.tsctotem@uwv.nl	\N
node	aanvraag	0	38136	38136	und	0	ict.tsctotem@uwv.nl	\N
node	aanvraag	0	38157	38157	und	0	ict.tsctotem@uwv.nl	\N
node	aanvraag	0	38181	38181	und	0	ict.tsctotem@uwv.nl	\N
node	aanvraag	0	38192	38192	und	0	ict.tsctotem@uwv.nl	\N
node	aanvraag	0	38197	38197	und	0	ict.tsctotem@uwv.nl	\N
node	aanvraag	0	38205	38205	und	0	ict.tsctotem@uwv.nl	\N
node	aanvraag	0	38206	38206	und	0	ict.tsctotem@uwv.nl	\N
node	aanvraag	0	38207	38207	und	0	ict.tsctotem@uwv.nl	\N
node	aanvraag	0	38236	38236	und	0	ict.tsctotem@uwv.nl	\N
node	aanvraag	0	38282	38282	und	0	ict.tsctotem@uwv.nl	\N
node	aanvraag	0	38298	38298	und	0	ict.tsctotem@uwv.nl	\N
node	aanvraag	0	38303	38303	und	0	ict.tsctotem@uwv.nl	\N
node	aanvraag	0	38330	38330	und	0	ict.tsctotem@uwv.nl	\N
node	aanvraag	0	38437	38437	und	0	ict.tsctotem@uwv.nl	\N
node	aanvraag	0	38465	38465	und	0	ict.tsctotem@uwv.nl	\N
node	aanvraag	0	38491	38491	und	0	ict.tsctotem@uwv.nl	\N
node	aanvraag	0	38557	38557	und	0	ict.tsctotem@uwv.nl	\N
node	aanvraag	0	38560	38560	und	0	ict.tsctotem@uwv.nl	\N
node	aanvraag	0	38579	38579	und	0	ict.tsctotem@uwv.nl	\N
node	aanvraag	0	38582	38582	und	0	ict.tsctotem@uwv.nl	\N
node	aanvraag	0	38694	38694	und	0	ict.tsctotem@uwv.nl	\N
node	aanvraag	0	38732	38732	und	0	ict.tsctotem@uwv.nl	\N
node	aanvraag	0	38760	38760	und	0	ict.tsctotem@uwv.nl	\N
node	aanvraag	0	38761	38761	und	0	ict.tsctotem@uwv.nl	\N
node	aanvraag	0	38763	38763	und	0	ict.tsctotem@uwv.nl	\N
node	aanvraag	0	38764	38764	und	0	ict.tsctotem@uwv.nl	\N
node	aanvraag	0	38765	38765	und	0	ict.tsctotem@uwv.nl	\N
node	aanvraag	0	38766	38766	und	0	ict.tsctotem@uwv.nl	\N
node	aanvraag	0	38834	38834	und	0	ict.tsctotem@uwv.nl	\N
node	aanvraag	0	38944	38944	und	0	ict.tsctotem@uwv.nl	\N
node	aanvraag	0	38979	38979	und	0	ict.tsctotem@uwv.nl	\N
node	aanvraag	0	38991	38991	und	0	ict.tsctotem@uwv.nl	\N
node	aanvraag	0	38994	38994	und	0	ict.tsctotem@uwv.nl	\N
node	aanvraag	0	39009	39009	und	0	ict.tsctotem@uwv.nl	\N
node	aanvraag	0	39010	39010	und	0	ict.tsctotem@uwv.nl	\N
node	aanvraag	0	39014	39014	und	0	ict.tsctotem@uwv.nl	\N
node	aanvraag	0	39021	39021	und	0	ict.tsctotem@uwv.nl	\N
node	aanvraag	0	39042	39042	und	0	ict.tsctotem@uwv.nl	\N
node	aanvraag	0	39092	39092	und	0	ict.tsctotem@uwv.nl	\N
node	aanvraag	0	39120	39120	und	0	ict.tsctotem@uwv.nl	\N
node	aanvraag	0	39126	39126	und	0	ict.tsctotem@uwv.nl	\N
node	aanvraag	0	39133	39133	und	0	ict.tsctotem@uwv.nl	\N
node	aanvraag	0	39162	39162	und	0	ict.tsctotem@uwv.nl	\N
node	aanvraag	0	39165	39165	und	0	ict.tsctotem@uwv.nl	\N
node	aanvraag	0	39175	39175	und	0	ict.tsctotem@uwv.nl	\N
node	aanvraag	0	39228	39228	und	0	ict.tsctotem@uwv.nl	\N
node	aanvraag	0	39229	39229	und	0	ict.tsctotem@uwv.nl	\N
node	aanvraag	0	39237	39237	und	0	ict.tsctotem@uwv.nl	\N
node	aanvraag	0	39342	39342	und	0	ict.tsctotem@uwv.nl	\N
node	aanvraag	0	39343	39343	und	0	ict.tsctotem@uwv.nl	\N
node	aanvraag	0	39344	39344	und	0	ict.tsctotem@uwv.nl	\N
node	aanvraag	0	39345	39345	und	0	ict.tsctotem@uwv.nl	\N
node	aanvraag	0	39351	39351	und	0	ict.tsctotem@uwv.nl	\N
node	aanvraag	0	39352	39352	und	0	ict.tsctotem@uwv.nl	\N
node	aanvraag	0	39370	39370	und	0	ict.tsctotem@uwv.nl	\N
node	aanvraag	0	39377	39377	und	0	ict.tsctotem@uwv.nl	\N
node	aanvraag	0	39378	39378	und	0	ict.tsctotem@uwv.nl	\N
node	aanvraag	0	39414	39414	und	0	ict.tsctotem@uwv.nl	\N
node	aanvraag	0	39425	39425	und	0	ict.tsctotem@uwv.nl	\N
node	aanvraag	0	39456	39456	und	0	ict.tsctotem@uwv.nl	\N
node	aanvraag	0	39461	39461	und	0	ict.tsctotem@uwv.nl	\N
node	aanvraag	0	39465	39465	und	0	ict.tsctotem@uwv.nl	\N
node	aanvraag	0	39473	39473	und	0	ict.tsctotem@uwv.nl	\N
node	aanvraag	0	39479	39479	und	0	ict.tsctotem@uwv.nl	\N
node	aanvraag	0	39486	39486	und	0	ict.tsctotem@uwv.nl	\N
node	aanvraag	0	39495	39495	und	0	ict.tsctotem@uwv.nl	\N
node	aanvraag	0	39527	39527	und	0	ict.tsctotem@uwv.nl	\N
node	aanvraag	0	39609	39609	und	0	ict.tsctotem@uwv.nl	\N
node	aanvraag	0	39610	39610	und	0	ict.tsctotem@uwv.nl	\N
node	aanvraag	0	39611	39611	und	0	ict.tsctotem@uwv.nl	\N
node	aanvraag	0	39688	39688	und	0	ict.tsctotem@uwv.nl	\N
node	aanvraag	0	39699	39699	und	0	ict.tsctotem@uwv.nl	\N
node	aanvraag	0	39775	39775	und	0	ict.tsctotem@uwv.nl	\N
node	aanvraag	0	39777	39777	und	0	ict.tsctotem@uwv.nl	\N
node	aanvraag	0	39813	39813	und	0	ict.tsctotem@uwv.nl	\N
node	aanvraag	0	39816	39816	und	0	ict.tsctotem@uwv.nl	\N
node	aanvraag	0	39833	39833	und	0	ict.tsctotem@uwv.nl	\N
node	aanvraag	0	39836	39836	und	0	ict.tsctotem@uwv.nl	\N
node	aanvraag	0	39879	39879	und	0	ict.tsctotem@uwv.nl	\N
node	aanvraag	0	39914	39914	und	0	ict.tsctotem@uwv.nl	\N
node	aanvraag	0	39921	39921	und	0	ict.tsctotem@uwv.nl	\N
node	aanvraag	0	39945	39945	und	0	ict.tsctotem@uwv.nl	\N
node	aanvraag	0	39964	39964	und	0	ict.tsctotem@uwv.nl	\N
node	aanvraag	0	40014	40014	und	0	ict.tsctotem@uwv.nl	\N
node	aanvraag	0	40064	40064	und	0	ict.tsctotem@uwv.nl	\N
node	aanvraag	0	40070	40070	und	0	ict.tsctotem@uwv.nl	\N
node	aanvraag	0	40077	40077	und	0	ict.tsctotem@uwv.nl	\N
node	aanvraag	0	40148	40148	und	0	ict.tsctotem@uwv.nl	\N
node	aanvraag	0	40149	40149	und	0	ict.tsctotem@uwv.nl	\N
node	aanvraag	0	40150	40150	und	0	ict.tsctotem@uwv.nl	\N
node	aanvraag	0	40151	40151	und	0	ict.tsctotem@uwv.nl	\N
node	aanvraag	0	40152	40152	und	0	ict.tsctotem@uwv.nl	\N
node	aanvraag	0	40156	40156	und	0	ict.tsctotem@uwv.nl	\N
node	aanvraag	0	40185	40185	und	0	ict.tsctotem@uwv.nl	\N
node	aanvraag	0	40292	40292	und	0	ict.tsctotem@uwv.nl	\N
node	aanvraag	0	40298	40298	und	0	ict.tsctotem@uwv.nl	\N
node	aanvraag	0	40307	40307	und	0	ict.tsctotem@uwv.nl	\N
node	aanvraag	0	40314	40314	und	0	ict.tsctotem@uwv.nl	\N
node	aanvraag	0	40351	40351	und	0	ict.tsctotem@uwv.nl	\N
node	aanvraag	0	40355	40355	und	0	ict.tsctotem@uwv.nl	\N
node	aanvraag	0	40360	40360	und	0	ict.tsctotem@uwv.nl	\N
node	aanvraag	0	40369	40369	und	0	ict.tsctotem@uwv.nl	\N
node	aanvraag	0	40387	40387	und	0	ict.tsctotem@uwv.nl	\N
node	aanvraag	0	40396	40396	und	0	ict.tsctotem@uwv.nl	\N
node	aanvraag	0	40450	40450	und	0	ict.tsctotem@uwv.nl	\N
node	aanvraag	0	40453	40453	und	0	ict.tsctotem@uwv.nl	\N
node	aanvraag	0	40454	40454	und	0	ict.tsctotem@uwv.nl	\N
node	aanvraag	0	40464	40464	und	0	ict.tsctotem@uwv.nl	\N
node	aanvraag	0	40504	40504	und	0	ict.tsctotem@uwv.nl	\N
node	aanvraag	0	40540	40540	und	0	ict.tsctotem@uwv.nl	\N
node	aanvraag	0	40600	40600	und	0	ict.tsctotem@uwv.nl	\N
node	aanvraag	0	40615	40615	und	0	ict.tsctotem@uwv.nl	\N
node	aanvraag	0	40625	40625	und	0	ict.tsctotem@uwv.nl	\N
node	aanvraag	0	40632	40632	und	0	ict.tsctotem@uwv.nl	\N
node	aanvraag	0	40656	40656	und	0	ict.tsctotem@uwv.nl	\N
node	aanvraag	0	40666	40666	und	0	ict.tsctotem@uwv.nl	\N
node	aanvraag	0	40674	40674	und	0	ict.tsctotem@uwv.nl	\N
node	aanvraag	0	40690	40690	und	0	ict.tsctotem@uwv.nl	\N
node	aanvraag	0	40730	40730	und	0	ict.tsctotem@uwv.nl	\N
node	aanvraag	0	40792	40792	und	0	ict.tsctotem@uwv.nl	\N
node	aanvraag	0	40803	40803	und	0	ict.tsctotem@uwv.nl	\N
node	aanvraag	0	40836	40836	und	0	ict.tsctotem@uwv.nl	\N
node	aanvraag	0	40856	40856	und	0	ict.tsctotem@uwv.nl	\N
node	aanvraag	0	40870	40870	und	0	ict.tsctotem@uwv.nl	\N
node	aanvraag	0	40871	40871	und	0	ict.tsctotem@uwv.nl	\N
node	aanvraag	0	40907	40907	und	0	ict.tsctotem@uwv.nl	\N
node	aanvraag	0	40909	40909	und	0	ict.tsctotem@uwv.nl	\N
node	aanvraag	0	40917	40917	und	0	ict.tsctotem@uwv.nl	\N
node	aanvraag	0	40918	40918	und	0	ict.tsctotem@uwv.nl	\N
node	aanvraag	0	40943	40943	und	0	ict.tsctotem@uwv.nl	\N
node	aanvraag	0	40966	40966	und	0	ict.tsctotem@uwv.nl	\N
node	aanvraag	0	41029	41029	und	0	ict.tsctotem@uwv.nl	\N
node	aanvraag	0	41079	41079	und	0	ict.tsctotem@uwv.nl	\N
node	aanvraag	0	41106	41106	und	0	ict.tsctotem@uwv.nl	\N
node	aanvraag	0	41107	41107	und	0	ict.tsctotem@uwv.nl	\N
node	aanvraag	0	41117	41117	und	0	ict.tsctotem@uwv.nl	\N
node	aanvraag	0	41119	41119	und	0	ict.tsctotem@uwv.nl	\N
node	aanvraag	0	41153	41153	und	0	ict.tsctotem@uwv.nl	\N
node	aanvraag	0	41157	41157	und	0	ict.tsctotem@uwv.nl	\N
node	aanvraag	0	41160	41160	und	0	ict.tsctotem@uwv.nl	\N
node	aanvraag	0	41162	41162	und	0	ict.tsctotem@uwv.nl	\N
node	aanvraag	0	41163	41163	und	0	ict.tsctotem@uwv.nl	\N
node	aanvraag	0	41165	41165	und	0	ict.tsctotem@uwv.nl	\N
node	aanvraag	0	41167	41167	und	0	ict.tsctotem@uwv.nl	\N
node	aanvraag	0	41170	41170	und	0	ict.tsctotem@uwv.nl	\N
node	aanvraag	0	41171	41171	und	0	ict.tsctotem@uwv.nl	\N
node	aanvraag	0	41172	41172	und	0	ict.tsctotem@uwv.nl	\N
node	aanvraag	0	41173	41173	und	0	ict.tsctotem@uwv.nl	\N
node	aanvraag	0	41178	41178	und	0	ict.tsctotem@uwv.nl	\N
node	aanvraag	0	41180	41180	und	0	ict.tsctotem@uwv.nl	\N
node	aanvraag	0	41181	41181	und	0	ict.tsctotem@uwv.nl	\N
node	aanvraag	0	41184	41184	und	0	ict.tsctotem@uwv.nl	\N
node	aanvraag	0	41185	41185	und	0	ict.tsctotem@uwv.nl	\N
node	aanvraag	0	41186	41186	und	0	ict.tsctotem@uwv.nl	\N
node	aanvraag	0	41187	41187	und	0	ict.tsctotem@uwv.nl	\N
node	aanvraag	0	41188	41188	und	0	ict.tsctotem@uwv.nl	\N
node	aanvraag	0	41189	41189	und	0	ict.tsctotem@uwv.nl	\N
node	aanvraag	0	41190	41190	und	0	ict.tsctotem@uwv.nl	\N
node	aanvraag	0	41191	41191	und	0	ict.tsctotem@uwv.nl	\N
node	aanvraag	0	41193	41193	und	0	ict.tsctotem@uwv.nl	\N
node	aanvraag	0	41194	41194	und	0	ict.tsctotem@uwv.nl	\N
node	aanvraag	0	41195	41195	und	0	ict.tsctotem@uwv.nl	\N
node	aanvraag	0	41196	41196	und	0	ict.tsctotem@uwv.nl	\N
node	aanvraag	0	41198	41198	und	0	ict.tsctotem@uwv.nl	\N
node	aanvraag	0	41199	41199	und	0	ict.tsctotem@uwv.nl	\N
node	aanvraag	0	41200	41200	und	0	ict.tsctotem@uwv.nl	\N
node	aanvraag	0	41201	41201	und	0	ict.tsctotem@uwv.nl	\N
node	aanvraag	0	41202	41202	und	0	ict.tsctotem@uwv.nl	\N
node	aanvraag	0	41203	41203	und	0	ict.tsctotem@uwv.nl	\N
node	aanvraag	0	41204	41204	und	0	ict.tsctotem@uwv.nl	\N
node	aanvraag	0	41205	41205	und	0	ict.tsctotem@uwv.nl	\N
node	aanvraag	0	41207	41207	und	0	ict.tsctotem@uwv.nl	\N
node	aanvraag	0	41208	41208	und	0	ict.tsctotem@uwv.nl	\N
node	aanvraag	0	41210	41210	und	0	ict.tsctotem@uwv.nl	\N
node	aanvraag	0	41211	41211	und	0	ict.tsctotem@uwv.nl	\N
node	aanvraag	0	41212	41212	und	0	ict.tsctotem@uwv.nl	\N
node	aanvraag	0	41213	41213	und	0	ict.tsctotem@uwv.nl	\N
node	aanvraag	0	41214	41214	und	0	ict.tsctotem@uwv.nl	\N
node	aanvraag	0	41215	41215	und	0	ict.tsctotem@uwv.nl	\N
node	aanvraag	0	41216	41216	und	0	ict.tsctotem@uwv.nl	\N
node	aanvraag	0	41217	41217	und	0	ict.tsctotem@uwv.nl	\N
node	aanvraag	0	41218	41218	und	0	ict.tsctotem@uwv.nl	\N
node	aanvraag	0	41219	41219	und	0	ict.tsctotem@uwv.nl	\N
node	aanvraag	0	41220	41220	und	0	ict.tsctotem@uwv.nl	\N
node	aanvraag	0	41222	41222	und	0	ict.tsctotem@uwv.nl	\N
node	aanvraag	0	41223	41223	und	0	ict.tsctotem@uwv.nl	\N
node	aanvraag	0	41224	41224	und	0	ict.tsctotem@uwv.nl	\N
node	aanvraag	0	41225	41225	und	0	ict.tsctotem@uwv.nl	\N
node	aanvraag	0	41226	41226	und	0	ict.tsctotem@uwv.nl	\N
node	aanvraag	0	41230	41230	und	0	ict.tsctotem@uwv.nl	\N
node	aanvraag	0	41231	41231	und	0	ict.tsctotem@uwv.nl	\N
node	aanvraag	0	41232	41232	und	0	ict.tsctotem@uwv.nl	\N
node	aanvraag	0	41233	41233	und	0	ict.tsctotem@uwv.nl	\N
node	aanvraag	0	41234	41234	und	0	ict.tsctotem@uwv.nl	\N
node	aanvraag	0	41235	41235	und	0	ict.tsctotem@uwv.nl	\N
node	aanvraag	0	41236	41236	und	0	ict.tsctotem@uwv.nl	\N
node	aanvraag	0	41237	41237	und	0	ict.tsctotem@uwv.nl	\N
node	aanvraag	0	41238	41238	und	0	ict.tsctotem@uwv.nl	\N
node	aanvraag	0	41239	41239	und	0	ict.tsctotem@uwv.nl	\N
node	aanvraag	0	41240	41240	und	0	ict.tsctotem@uwv.nl	\N
node	aanvraag	0	41241	41241	und	0	ict.tsctotem@uwv.nl	\N
node	aanvraag	0	41242	41242	und	0	ict.tsctotem@uwv.nl	\N
node	aanvraag	0	41243	41243	und	0	ict.tsctotem@uwv.nl	\N
node	aanvraag	0	41244	41244	und	0	ict.tsctotem@uwv.nl	\N
node	aanvraag	0	41245	41245	und	0	ict.tsctotem@uwv.nl	\N
node	aanvraag	0	41246	41246	und	0	ict.tsctotem@uwv.nl	\N
node	aanvraag	0	41247	41247	und	0	ict.tsctotem@uwv.nl	\N
node	aanvraag	0	41249	41249	und	0	ict.tsctotem@uwv.nl	\N
node	aanvraag	0	41251	41251	und	0	ict.tsctotem@uwv.nl	\N
node	aanvraag	0	41252	41252	und	0	ict.tsctotem@uwv.nl	\N
node	aanvraag	0	41253	41253	und	0	ict.tsctotem@uwv.nl	\N
node	aanvraag	0	41255	41255	und	0	ict.tsctotem@uwv.nl	\N
node	aanvraag	0	41256	41256	und	0	ict.tsctotem@uwv.nl	\N
node	aanvraag	0	41257	41257	und	0	ict.tsctotem@uwv.nl	\N
node	aanvraag	0	41258	41258	und	0	ict.tsctotem@uwv.nl	\N
node	aanvraag	0	41259	41259	und	0	ict.tsctotem@uwv.nl	\N
node	aanvraag	0	41260	41260	und	0	ict.tsctotem@uwv.nl	\N
node	aanvraag	0	41261	41261	und	0	ict.tsctotem@uwv.nl	\N
node	aanvraag	0	41262	41262	und	0	ict.tsctotem@uwv.nl	\N
node	aanvraag	0	41263	41263	und	0	ict.tsctotem@uwv.nl	\N
node	aanvraag	0	41264	41264	und	0	ict.tsctotem@uwv.nl	\N
node	aanvraag	0	41265	41265	und	0	ict.tsctotem@uwv.nl	\N
node	aanvraag	0	41266	41266	und	0	ict.tsctotem@uwv.nl	\N
node	aanvraag	0	41267	41267	und	0	ict.tsctotem@uwv.nl	\N
node	aanvraag	0	41268	41268	und	0	ict.tsctotem@uwv.nl	\N
node	aanvraag	0	41269	41269	und	0	ict.tsctotem@uwv.nl	\N
node	aanvraag	0	41270	41270	und	0	ict.tsctotem@uwv.nl	\N
node	aanvraag	0	41271	41271	und	0	ict.tsctotem@uwv.nl	\N
node	aanvraag	0	41272	41272	und	0	ict.tsctotem@uwv.nl	\N
node	aanvraag	0	41273	41273	und	0	ict.tsctotem@uwv.nl	\N
node	aanvraag	0	41274	41274	und	0	ict.tsctotem@uwv.nl	\N
node	aanvraag	0	41275	41275	und	0	ict.tsctotem@uwv.nl	\N
node	aanvraag	0	41276	41276	und	0	ict.tsctotem@uwv.nl	\N
node	aanvraag	0	41277	41277	und	0	ict.tsctotem@uwv.nl	\N
node	aanvraag	0	41278	41278	und	0	ict.tsctotem@uwv.nl	\N
node	aanvraag	0	41279	41279	und	0	ict.tsctotem@uwv.nl	\N
node	aanvraag	0	41280	41280	und	0	ict.tsctotem@uwv.nl	\N
node	aanvraag	0	41281	41281	und	0	ict.tsctotem@uwv.nl	\N
node	aanvraag	0	41282	41282	und	0	ict.tsctotem@uwv.nl	\N
node	aanvraag	0	41283	41283	und	0	ict.tsctotem@uwv.nl	\N
node	aanvraag	0	41284	41284	und	0	ict.tsctotem@uwv.nl	\N
node	aanvraag	0	41285	41285	und	0	ict.tsctotem@uwv.nl	\N
node	aanvraag	0	41286	41286	und	0	ict.tsctotem@uwv.nl	\N
node	aanvraag	0	41287	41287	und	0	ict.tsctotem@uwv.nl	\N
node	aanvraag	0	41288	41288	und	0	ict.tsctotem@uwv.nl	\N
node	aanvraag	0	41289	41289	und	0	ict.tsctotem@uwv.nl	\N
node	aanvraag	0	41290	41290	und	0	ict.tsctotem@uwv.nl	\N
