node|aanvraag|0|25986|25986|und|0|Identiek aan de al bestaande testserver voor Fleks (AIX, 10.140.176.17).\
Recente snapshot kan gebruikt worden om kopie te trekken.\
Misschien moet MQ dan wel geinstalleerd worden (of geherinstalleerd vanwege queuenames)\
|\N
node|aanvraag|0|26302|26302|und|0|Inrichting moet gelijk zijn aan de bestaande UPA OTOD T3 omgeving.|\N
node|aanvraag|0|26307|26307|und|0|Graag voorzien van :\
- VISUAL STUDIO 2015|\N
node|aanvraag|0|26310|26310|und|0|Wij hebben nodig een\
OS: AIX 6.1, IBM Java 6-64\
1) Database Server (deze gegevens moeten direct bij IBM opgevraagd worden).\
2) Weblogic Server 2X \
    Om een reëel cluster na te bouwen hebben wij twee servers nodig.\
    Elk met twee managed nodes. Het is op dit moment genoeg om deze op te schalen naar 6GB per managed server, 12GB voor de Weblogic omgeving en 4GB voor het OS en andere tools.\
    Ook komt er een webtier configuratie bij. Per machine 16GB.\
    Hardeschijf grootte is voldoende zoals nu aanwezig is in de OTOD omgeving.\
3) Een omgeving om load te genereren voor de server.\
\
Deze OTOD omgeving moet qua omvang gelijk zijn aan de huidige PAT omgeving van UPA.\
Gaarne de specificatie overnemen van deze omgeving.\
Applicatieservers voor de PAT zijn: PN3008 en PN3009\
Databaseservers van de PAT zijn: PN3012 en PN3013|\N
node|aanvraag|0|26507|26507|und|0|De nieuwe T-omgeving van PDI moet voldoen qua CPU's, RAM, Systeemschijf en Toegang aan de huidige T-omgeving van PDI. Momenteel worden de volgende servers gebruikt.Windows - IP-adres: 10.140.176.021, AIX server - IP-adres: 10.140.176.022.\
Ook moeten de producten Data access component 12.1 van Oracle en APEX Listener versie 2.0.5  worden toegevoegd (zie bijgevoegd spreadsheet)|\N
node|aanvraag|0|26595|26595|und|0|Meerdere Logins/Windowssessies tegelijkertijd 5.\
Alleen Java 1.7_75\
|\N
node|aanvraag|0|26627|26627|und|0|Gaarne gelijk aan AIX met ip 10.140.176.17 en 10.140.176.03|\N
node|aanvraag|0|27121|27121|und|0|We draaien nu in de Productie omgeving op RedHat 5.9 dus als dat op deze ook zou kunnen dan graag. Anders 5.8.|\N
node|aanvraag|0|27228|27228|und|0|onbekend wat met Mount/Label bedoeld wordt|\N
node|aanvraag|0|27230|27230|und|0|Oracle 11G + OWB -> Indien de servergegevens bekend zijn, zal er via Carel Higler licenties worden aangevraagd|\N
node|aanvraag|0|27479|27479|und|0|Op de Oracle server graag Oracle ASM mee installeren.|\N
node|aanvraag|0|27527|27527|und|0|Alleen opleveren met OS2012R0|\N
node|aanvraag|0|28137|28137|und|0|Dit wordt de Tridion server voor de T omgeving, hij moet hetzelfde uitgevoerd zijn als de machine voor de O omgeving \
\
(Applicatie server\
Windows 2008 R2/64\
IIS7.5 – DotNet 4.5\
10.140.176.164)|\N
node|aanvraag|0|28343|28343|und|0|Zie bijgevoegd documentje, het gaat hier om 6 servers met dezelfde geheugen/cpu/disk configuratie als de Werk.nl TO1|\N
node|aanvraag|0|28448|28448|und|0|Deze machine graag met vergelijkbare specs als de 10.140.176.208|\N
node|aanvraag|0|28735|28735|und|0|Deze servers zullen door Microsoft gebruikt gaan worden om een POC op uit te voeren voor de connectie tussen .Net en de Java stack van Werk.nl.|\N
node|aanvraag|0|28752|28752|und|0|MQ moet versie 7.0.1 zijn/worden.|\N
node|aanvraag|0|29022|29022|und|0|Graag deze opleveren met vergelijkbare specs als de reeds bestaande machines (10.140.178.110, 10.140.178.111 en 10.140.178.112). Bij vragen of opmerkingen graag ook Jasper Lutz meenemen in de conversatie.\
Dank!|\N
node|aanvraag|0|29103|29103|und|0|N.B. Deze servers moeten RedHat 7. 2 zijn maar die optie staat niet in het menu!|\N
node|aanvraag|0|29104|29104|und|0|De 3e server wordt de gedeelde database server voor beide applicatie servers. Het zou mooi zijn om de database ruimte bij elkaar te hebben op 1 drive.|\N
node|aanvraag|0|29129|29129|und|0|Deze servers moeten gaan draaien onder Redhat 7.2 maar die optie staat niet in het portaal...|\N
node|aanvraag|0|29156|29156|und|0|Beide machines graag uitrusten met RHEL 7.2 (dat is geen optie in het portaal dus daar staat 7.0).\
De disks van de eerste machine graag conform de configuratie 10.140.176.208\
De disks van de tweede machine graag conform de configuratie van 10.140.176.173 |\N
node|aanvraag|0|29201|29201|und|0|De bestaande server vmt010140176235 / erpuwvtst92win.ba.uwv.nl / 10.140.176.235 uitbreiden met:\
- 2 extra processoren\
- 32 GB extra intern geheugen\
- toevoegen schijf F: van 200 GB\
\
Met deze hardware kunnen we de nieuwe door Oracle ondersteunde zoek technologie toevoegen; ElasticSearch. Na een geslaagde POC gaat deze toevoeging de huidige SES (AIX) server vervangen; voor het verwijderen van die server wordt later apart een aanvraag voor ingediend.|\N
node|aanvraag|0|29295|29295|und|0|Moet ik ze alle 6 specificeren? Ze zijn toch allemaal identiek.|\N
node|aanvraag|0|29296|29296|und|0|Graag met de Redhat 6.7 uitrusten, deze staat echter niet in het dropdown menu in het formulier.\
De tweede machine (met 150Gb) wordt een Oracle database server.|\N
node|aanvraag|0|29329|29329|und|0|De volgende server kan uit de project configuratie verwijderd worden; deze is vervangen door de installatie van nieuw aangeleverde zoek middleware op de windows server van de omgeving (die we daarvoor hebben laten uitbreiden). Er hoeft van de server geen software, data of storage beward te worden.\
\
Te verwijderen:\
erpuwvtst92ses.ba.uwv.nl	10.140.176.227	VMT010140176227	Search server (AIX)\
|\N
node|aanvraag|0|29347|29347|und|0|De specs van deze machines moeten conform de bestaande Sonar servers zijn. De bestaande AIX server is 10.140.176.157, graag dezelfde proc/geheugen/disk configuratie.\
Voor de Windows server is dat de huidige servers op 10.140.176.142.|\N
node|aanvraag|0|29373|29373|und|0|Deze OTOD-omgeving moet ingericht worden op dezelfde hardwarestack als OTOD HGO onder 10.140.176.51, maar nu op basis van stack 4.0 (groot onderhoud) ofwel inrichten op Windows Server 2012 R2 (64bit), .NET Framework 4.6.2, IIS 8.5 en Oracle 12c\
|\N
node|aanvraag|0|29437|29437|und|0|Graag de laatste Redhat versie die er is.|\N
node|aanvraag|0|29533|29533|und|0|Graag de machine met dezelfde config (schijven, CPU's, RAM, etc) als de 10.140.176.216. Verder graag met AIX 7.2, dit is nog niet beschikbaar in het menu van dit formulier...|\N
node|aanvraag|0|29745|29745|und|0|.net 4.6 installeren\
IIS 8.5\
SQL Server Native Client 2014\
SQL server EE 2014 R2|\N
node|aanvraag|0|29830|29830|und|0|Alle drie de servers graag met RedHat 7.2 en verder specs conform vmt010140176077\
Yum beschikbaar voor packages\
Storage    : /u01\
swap : 1 GiB\
|\N
node|aanvraag|0|30124|30124|und|0|De keuzes voor OS zijn wat beperkt in het formulier. Deze machine moet Redhat 6.8 hebben, conform de productie omgeving en 4 Gb geheugen hebben.|\N
node|aanvraag|0|30171|30171|und|0|Graag de eerste server uitvoeren identiek aan de server op 10.140.176.196\
Graag de tweede server uitvoeren identiek aan de server op 10.140.177.10|\N
node|aanvraag|0|30255|30255|und|0|Afstemmen met TET hoe deze server ingericht dient te worden. Waarschijnlijk weer een kopie maken van /data vanaf een andere Polis+ omgeving en kopieren naar nieuwe omgeving. Database instantie zal TET/CAP aanmaken.|\N
node|aanvraag|0|30331|30331|und|0|Zie huidige OToD omgeving 10.140.178.83|\N
node|aanvraag|0|30426|30426|und|0|Zoals gisteren besproken. \
Het betreft eenzelfde omgeving als de reeds bestaande, scope is database en Polis applicaties.\
\
Opmerking Jochem: De DB draait al. Graag een applicatie server inrichten identiek aan 10.140.176.12 (dus ook de AIX versie)|\N
node|aanvraag|0|30820|30820|und|0|Graag gelijk trekken met bestaande WTL omgeving (T5) wel aandacht voor het aantal cores. De vinkenlijst zegt 1 per omgeving maar de T5 heeft er 4!\
Graag advies vanwege de hogere licentiekosten bij gebruik van 4 cores.|\N
node|aanvraag|0|30859|30859|und|0|Windows 2016 en SQL server 2016|\N
node|aanvraag|0|30885|30885|und|0|De 1e machine moet gelijk zijn aan de 10.140.176.140\
De 2e machine moet gelijk zijn aan de 10.140.176.230|\N
node|aanvraag|0|30959|30959|und|0|Deze machine moet gebouwd worden conform de specificaties van 10.140.176.151|\N
node|aanvraag|0|31072|31072|und|0|Deze server moet hetzelfde zijn als de server op 10.140.176.113|\N
node|aanvraag|0|31079|31079|und|0|App server: W2016 server zie SAD\
DB server: W2016 en SQL server 2016|\N
node|aanvraag|0|31125|31125|und|0|Graag de laatste versie van Redhat gebruiken (het menu geeft maar tot 7.0 aan). |\N
node|aanvraag|0|31210|31210|und|0|Graag instantie in SQL 2016 DB hotel.|\N
node|aanvraag|0|31262|31262|und|0|Deze server moet gebouwd worden conform de specs van 10.140.176.230 (inclusief de RedHat versie!)|\N
node|aanvraag|0|31265|31265|und|0|Laatste versie Redhat. Database instantie in database hotel (SQL 2014)|\N
node|aanvraag|0|35072|35072|und|0|Graag 4 cores (= nu 8) van de andere Polis DB server in OToD alloceren voor deze machine.|\N
node|aanvraag|0|35090|35090|und|0|Voor de TO4 .net omgeving moeten er 3 Windows 2016 servers komen ter vervanging van de huidige Windows 2012 servers (10.140.177.10, 10.140.177.24 en 10.140.177.35) \
Het OS moet de laatste release van Windows 2016 worden. De specs (processoren,geheugen,disk configuratie) moeten gelijk blijven aan de huidige Windows 2012 servers (10.140.177.10, 10.140.177.24 en 10.140.177.35) \
De inrichting van de servers (IIS/SQL etc) doen we zelf.|\N
node|aanvraag|0|35095|35095|und|0|Gaat om 1 Linux RHEL 7.2 server (voor de rest zelfde als 10.140.177.11, Yum beschikbaar\
voor packages Storage : /u01 swap : 1 GiB) \
en 1 AIX server (voor de rest zelfde als 10.140.176.23, 1 GB paging)|\N
node|aanvraag|0|35206|35206|und|0|Met Jochem voorbesproken. Wens is een standaard server, indien de aangegeven groottes afwijken is voor ons aanpassen geen probleem.|\N
node|aanvraag|0|35280|35280|und|0|Graag 1 linuxserver in het TEST domein met RHEL 7.2, YUM beschikbaar. \
De volgende users graag middels su(do) rootrechten geven:\
rst159 Rutger Storm\
jha138 Jeroen de Haan\
jle082 Jaap Lelie\
tke014 Tristan Kempes\
\
De verdere inrichting zal door het project of het systemteam gedaan worden. |\N
node|aanvraag|0|35307|35307|und|0|3 AIX 7.2 servers + 1 AIX 7.2 server met WebSphere MQ 8\
Alle servers met 2 CPU (een uitzondering - MQ server, deze heeft 1 CPU!), RAM 20490 MB, 20GB systeem disk en een extra disk van 100GB.\
Over MQ tijdelijke licentie GOH heeft afspraak met IBM gemaakt, geen extra toestemming van Licentiemanagementnodig!\
|\N
node|aanvraag|0|35452|35452|und|0|3x Windows 2012 R2 64-bit servers. Deze servers zijn ook onderdeel van de Sonar straat TO4/TT4. De verdere installatie en inrichting doet Systemteam.\
graag de groep "systemteam"toevoegan aan local admin groepen op de servers. (eventueel ter vergelijking zi server 10.140.176.83|\N
node|aanvraag|0|35473|35473|und|0|Serverconfiguratie gaarne in overleg afstemmen.\
DB hotel, Oracle 12C AIX|\N
node|aanvraag|0|35570|35570|und|0|8 cores indien mogelijk anders overleg graag|\N
node|aanvraag|0|35656|35656|und|0|Graag 1 RHEL 7.3 Server. Swap: 1 GB. Users met sudo root rechten: pba047/pwi048 |\N
node|aanvraag|0|35659|35659|und|0|OS: RHEL 7.4 , Swap: 1 GB, users met sudo root rechten: pba047/pwi048 . |\N
node|aanvraag|0|35661|35661|und|0|Deze machine zal de 10.140.176.114 gaan vervangen. Graag ook MS Office installeren.|\N
node|aanvraag|0|35678|35678|und|0|Graag een MSSQL 2014 instance op de MSSQL DB hotel |\N
node|aanvraag|0|35682|35682|und|0|gaarne alleen OS opleveren. Middleware MQ 9.04 installeren we zelf. Licentie vragen we ook aan bij licentiebeheer.|\N
node|aanvraag|0|35737|35737|und|0|Gaat om 1 Linux RHEL 7.3 server (yum beschikbaar voor packages Storage : /u01 swap : 10 GiB) Graag sudo rechten voor gebruikers pwi048 en pba047. Er zal OSB op worden geïnstalleerd.\
LET OP!!! Deze server dient in het Oracle Cluster aangemaakt te worden (Jochem)|\N
node|aanvraag|0|35749|35749|und|0|totaal 4 linux servers:\
\
kvb app server ontwikkel:\
Gaat om 1 Linux RHEL 6.7 server (yum beschikbaar voor packages Storage : 30GB /u01 ) \
\
kvb app server referentie omgeving:\
Gaat om 1 Linux RHEL 6.7 server (yum beschikbaar voor packages Storage : 30GB /u01 ) \
\
\
kvb Database server ontwikkel:\
Gaat om 1 Linux RHEL 6.7 server (yum beschikbaar voor packages Storage : 190 GB /a01 ) \
LET OP!!! Deze server dient in het Oracle Cluster aangemaakt te worden\
\
\
kvb Database server referentieomgeving:\
Gaat om 1 Linux RHEL 6.7 server (yum beschikbaar voor packages Storage : 190 GB /a01 ) \
LET OP!!! Deze server dient in het Oracle Cluster aangemaakt te worden.\
\
\
Voor alle 4 de servers graag sudo rechten voor gebruikers pwi048 en pba047. \
\
\
\
\
\
|\N
node|aanvraag|0|35768|35768|und|0|Gaat om 1 AIX server ( 1 GB paging) Graag sudo rechten voor gebruikers pwi048 en pba047. Op deze server wordt door systemteam \
Oracle Identity Management 11g (OID en ODS) gezet. Hierom moet de server in het OToD Oracle cluster terecht komen. \
\
\
Specificatie testomgeving|\N
node|aanvraag|0|36013|36013|und|0|Graag beide servers uitrusten met RedHat 7.4!|\N
node|aanvraag|0|36067|36067|und|0|Dit moeten 3 x een identieke machine worden met OS versie Redhat 6.9 zijn. De machines zullen gebruikt worden voor verschillende Spiegel ontwikkel teams en de applicatie plus de Oracle database komen op dezelfde machine.|\N
node|aanvraag|0|36210|36210|und|0|Betreft aanvraag voor een extra database server:\
 \
OS:  Red Hat Enterprise Linux Server release 6.4 (Santiago)\
RAM: 32GB\
SWAP: 10GB\
Filesystem: /u01 van ca. 500GB\
CPU: 2\
 \
Deze moet in het Oracle cluster komen. Graag de volgende users admin rechten geven op deze machine: pwi048 en blu009\
\
|\N
node|aanvraag|0|36254|36254|und|0|Gaat om 1 Linux RHEL 7.3 server (yum beschikbaar voor packages Storage : /u01 swap : 10 GiB) Graag sudo rechten voor gebruikers pwi048 en pba047. Er zal OSB op worden geïnstalleerd. LET OP!!! Deze server dient in het Oracle Cluster aangemaakt te worden (Jochem)|\N
node|aanvraag|0|36272|36272|und|0|Het systemteam gebruikt vanaf heden het algemene NONGA account "WBU016" zodat wij elkaars aanvragen kunnen inzien.\
Deze aanvraag is gedaan door Tristan Kempes (tke014)\
\
Voor project TWNL moet nu ook voor de TO1 straat de .net frontend ingericht worden. Hierom een aanvraag voor 4 servers:\
\
3 Windows 2016 servers Graag de groep "systemteam"toevoegen aan local admin \
1 RHEL 7.2 Server.  ( users tke014, pwi048 en blu009 toevoegen als admin met sudo rechten)\
\
De inrichting van de servers (IIS/SQL etc) doen we zelf.\
|\N
node|aanvraag|0|36471|36471|und|0|De volgende gebruikers hebben toegang tot de omgeving nodig:\
Eijden, Daniel van - dei005\
Ben Kraan – bkr030\
Jean Paul Homma - jho219\
\
|\N
node|aanvraag|0|36539|36539|und|0|1e, 2e en 3e (gelijke) servers dienen als GOH MOM Test BizTalk servers\
4e en 5e (gelijke) servers dienen als GOH MOM Test SQL servers\
6e server dient als GOH MOM Test MQ server|\N
node|aanvraag|0|36664|36664|und|0|** WLS 12c CBBS server **\
- Hostname vmt010140176xx.test.local\
- OS is RHEL 7.4 64\
- In IP range 10.140.176.xx\
- in domain "test.local" and must be accessible through DNS\
- Create user oracle (uid 100) and group oinstall (gid105), user oracle must be a member of the oinstall group;\
  uid=100(oracle) gid=105(oinstall) groups=105(oinstall)\
- User oracle must have sudo su - root permission\
- yum install must be active\
- 45 GB storage available on seperate volume /u01|\N
node|aanvraag|0|36714|36714|und|0|Redhat versie 7.4|\N
node|aanvraag|0|36750|36750|und|0|Het systemteam gebruikt vanaf heden het algemene NONGA account "WBU016" zodat wij elkaars aanvragen kunnen inzien. Deze aanvraag is gedaan door Tristan Kempes en Jaap Lelie. Voor project TWNL moet nu ook voor de TO-C straat de .net frontend ingericht worden. Hierom een aanvraag voor 3 Windows 2016 servers. Graag de groep "systemteam"toevoegen aan local admin/ De inrichting van de servers (IIS/SQL etc) doen we verder zelf.\
|\N
node|aanvraag|0|36773|36773|und|0|3 Disks: 1x 100GB, 1x 10GB, 1x 50GB|\N
node|aanvraag|0|36774|36774|und|0|3 Disks: 1x 100GB, 1x 10GB, 1x 50GB|\N
node|aanvraag|0|36775|36775|und|0|3 Disks: 1x 100GB, 1x 10GB, 1x 50GB|\N
node|aanvraag|0|36776|36776|und|0|3 Disks: 1x 100GB, 1x 40GB, 1x 200GB|\N
node|aanvraag|0|36777|36777|und|0|3 Disks: 1x 100GB, 1x 40GB, 1x 200GB|\N
node|aanvraag|0|36778|36778|und|0|3 Disks: 1x 100GB, 1x 40GB, 1x 100GB|\N
node|aanvraag|0|36779|36779|und|0|3 Disks: 1x 100GB, 1x 40GB, 1x 100GB|\N
node|aanvraag|0|36887|36887|und|0|1x 8 cores\
C: schijf van 80 gb\
D: schijf van 250 gb|\N
node|aanvraag|0|36888|36888|und|0|Ik heb 2 servers nodig, CPU, RAM, GB en toegang conform vmt010140176063 en vmt010140176043. \
1e server: OS RH7 / Middleware: JAVA JDK 8 + Jboss Enterprise Application Platform 7  (4cores/16GB/200GB)\
2e server: OS WIN 2016 / Middleware: WebSphere MQ 9 (2cores/8GB/200GB E-schijf 100 F-schijf 100)|\N
node|aanvraag|0|36889|36889|und|0|Ik heb 1 server nodig, CPU, RAM, GB en toegang conform vmt010140176063\
OS WIN 2016 / Middleware: Jboss Enterprise Application Platform 7|\N
node|aanvraag|0|36905|36905|und|0|uids volgen;\
graag dbhotel Oracle/linux instantie, versie 7.0 opleveren van RHEL.\
beheerdocument wordt nog ingevuld|\N
node|aanvraag|0|37002|37002|und|0|Graag RedHat Enterprise Linux 7.4 , met Pagefile van 16Gb. Graag plo028 (Palu Loderus) volledige rechten geven op deze server|\N
node|aanvraag|0|37071|37071|und|0|EXTRA Middleware IBM JDK 1.7.0 SR6+/64 op\
/w001/app/ibm/java/... erpuwvdev92app.ba.uwv.nl Database server: EXTRA Middleware Oracle database\
12C EE/64 op /a01/app/oracle/product/12.1.0/dbhome_1/... (op account: oradba; group: dba)|\N
node|aanvraag|0|37077|37077|und|0|Op server 1 moet de volgende software geïnstalleerd worden:\
Microsoft Windows Server 2016 SE\
Microsoft Office Professional Plus (Word, Excel en Access, overige software niet) 2016 NL\
Microsoft Visual Studio 2017\
\
Op server 2 moet de volgende software geïnstalleerd worden:\
Microsoft Windows Server 2016 SE\
Microsoft Office Professional Plus (Word, Excel en Access, overige software niet) 2016 NL\
Microsoft SQL Server 2016 EE\
\
De volgende gebruikers gaan er gebruik van maken: rso007; hge060; ddo023\
\
Installeert OToD alleen het OS of ook de overige software? Leverancier Capgemini gaf aan dat ze dan een installatiehandleiding hebben voor een juiste installatie. Er kan contact opgenomen worden met Johan Weekamp op nummer: 06-29556700.\
|\N
node|aanvraag|0|37322|37322|und|0|Graag -       SQL server 2012\
-       Dot.net Framework : 4.7.2\
-       Visual Studio 2017 Professional\
installeren. Gelijk aan 10.140.178.113|\N
node|aanvraag|0|37323|37323|und|0|Ten behoeve van een PoC met IBM Workflow. \
Oracle installatie uit aanvraag gehaald ivm meeliften op Oracle DB hotel. CPUs aangepast ivm verwijderen van Oracle server uit aanvraag.|\N
node|aanvraag|0|37370|37370|und|0|Naast jek003 graag ook de volgende mensen autoriseren:\
Dwight Demmers (dde030)\
Jean Paul Homma (jho219)\
Ben Kraan (bkr030)\
Imke Hornix (iho040)\
\
Alvast bedankt\
|\N
node|aanvraag|0|37501|37501|und|0|<bewerkt 19-10-2018 10:55>: Het blijkt dat de Databaseserver gedeeld kan worden voor test/ontwikkel. Hierom kan er 1 vervallen en hoeven er totaal maar 4 servers aangevraagd te worden:\
 \
\
Graag de volgende 4 servers aanmaken:\
\
TO3 \
\
applicatieserver (voorbeeld 10.140.176.156 )\
OS : RHEL 6.4\
CPU: 1\
RAM: 4 Gb\
SWAP: 4 Gb\
storage 60 GB\
\
Database server (voorbeeld 10.140.176.174 )\
OS : RHEL 6.4\
CPU: 1\
RAM: 8 Gb\
SWAP: 4 Gb\
storage\
sda 30 Gb\
sdb 175 Gb (/u01 )\
\
Windows Siebel tools server (voorbeeld 10.140.177.22 )\
OS : Windows 2012 R2 64 bit\
CPU: 2\
RAM: 4 Gb\
storage C: 60 GB\
storage E: 15 GB\
\
TT3\
\
applicatieserver (voorbeeld 10.140.176.230 )\
OS : RHEL 6.4\
CPU: 1\
RAM: 4 Gb\
SWAP: 4 Gb\
storage 60 GB\
\
Graag als admins toevoegen ( voor Linux sudo root rechten)   who055 en gla025|\N
node|aanvraag|0|37565|37565|und|0|Specs: \
\
OS: RHEL 7.5\
Filesystem: /data 99G\
Mem: 16G\
\
Inrichtting graag hetzelfde als server  vmt010140177145\
 \
\
Graag account Bas Luykx t om in te loggen. Ook graag gelijk een tomcat user aanmaken.\
/data ownership zou van tomcat moeten worden.|\N
node|aanvraag|0|37566|37566|und|0|Graag RHEL 7.5 toegang voor Paul Loderus.|\N
node|aanvraag|0|37626|37626|und|0|Ik lees in de leveranciers spec's dat er minimaal 4 CPU's nodig zijn van type intel Xeon (4 cores). Minimaal 8 GB RAM en minimaal 20 GB systeem schijf ruimte. Daarnaast zijn rechten nodig op MS SQL server ivm DB toegang. De applicatie heeft middleware nodig MS SQL server (staat niet bij de opties) + in deze OTOD nodig - microsoft .NET versie 4.62. + IIS webserver (alleen webserver, geen FTP) + MSMQ (voor de lokale 'eigen' berichten afhandeling. Voor meer uitleg kom langs bij P. Verboom van project PAS|\N
node|aanvraag|0|37664|37664|und|0|ISS webserver, .Net 4.6.2, |\N
node|aanvraag|0|37678|37678|und|0|Graag in totaal 3 nieuwe servers :\
\
SONAR	Applicatie	\
(idem als 10.140.177.4)\
AIX 7.1 TL3/64	 2 	8GB	49GB /data + 12GB rest\
\
\
SONAR	Database 12c	\
idem als (10.140.176.60)\
AIX 7.1 TL3/64	 5	12GB	2354GB /data + 10GB rest\
\
SONAR	Siebel DOC	\
(idem als 10.140.177.5)\
Windows 2012 R2	 2	4GB	60GB (C:) + 299GB (E:)\
\
\
Graag voor de 2 AIX servers de users who055 en gla025 toegang en sudo rechten geven\
Tevens graag deze mounts inrichten:\
- 10.140.178.9:/u01/koppelingen/sonar\
- 10.140.178.15:/Unix\
\
Voor de windows graag de groep test\\systemteam als in de local admingroep plaatsen.\
 \
\
(aangevraagd door Tristan Kempes)|\N
node|aanvraag|0|37701|37701|und|0|Bij twijfel even navragen bij AOC|\N
node|aanvraag|0|37714|37714|und|0|Op deze server PoerwBI en Office 2016 installeren|\N
node|aanvraag|0|37736|37736|und|0|Eric Groen, Jack IJmker, Daniel van Eijden, Reza Abrizeh local admin rechten zoals bij TFS server die eerder is opgeleverd.|\N
node|aanvraag|0|37789|37789|und|0|OS RH7 / Middleware: JAVA JDK 8 + Jboss Enterprise Application Platform 7 (4cores/16GB/200GB)|\N
node|aanvraag|0|37790|37790|und|0|Stack lijst 6.0 (Jochem is hier van op de hoogte) -> zie vinkenlijst\
De testserver eerst aanmaken met een 500GB F-schijf. Zij geven aan wanneer deze vergroot kan worden naar 3,5TB.|\N
node|aanvraag|0|37792|37792|und|0|zie bijgevoegd document. Betreft 9 servers - F Omgeving|\N
node|aanvraag|0|37838|37838|und|0|initiële installatie middleware zie bijgevoegde vinkenlijsten. Let op, er zijn twee vinkenlijsten geupload. Beide applicaties worden samengevoegd op twee servers.|\N
node|aanvraag|0|37895|37895|und|0|Middleware zie bijgesloten vinkenlijst|\N
node|aanvraag|0|37916|37916|und|0|Ook graag een SQL server 2012 databasehotel instantie.|\N
node|aanvraag|0|37930|37930|und|0|Graag een 2e Wtl FAT omgeving opleveren, sizing identiek aan de bestaande Wtl FAT omgeving. !!LET OP de reeds bestaande Wtl FAT omgeving MOET blijven bestaan!!|\N
node|aanvraag|0|38113|38113|und|0|ABS:\
ABS Front-End, Administrative Tasks, \
JBOSS, JAVA \
Standaard: \
SQL-Studio \
Browser\
\
|\N
node|aanvraag|0|38282|38282|und|0|Local Admin rechten toepassen, zoals TFS server. Bij vragen graag even telefonisch contact (0615966107).\
Graag mijzelf ook toevoegen aan deze groep (htu009) (DEV en Test zijn in aanvraag)|\N
node|aanvraag|0|38298|38298|und|0|CAP heeft Local Admin rechten nodig om de installatie uit te kunnen voeren/\
Opmerking Jochem: Aan Sander gevraagd om opsplitsing schijfruimte naar schijf/partitie (zie mail 8-3-2019 11:13).\
\
Gezien de grootte en complexiteit van de nieuwe OTOD-omgeving is het wenselijk om vooraf even contact te hebben over een aantal zaken. Zo heb ik de benodigde MW niet ingevuld terwijl die (wellicht) ook aan de orde is. Daarnaast weet ik ook niet 100% zeker of ik alles correct heb ingevuld (ik zal nog een begeleidende mail nasturen met de informatie die mij is gegeven.|\N
node|aanvraag|0|38465|38465|und|0|Voor alle 4 de servers graag laatste versie van RHEL\
Betreft 1 database-server ( 64 Gb) Hier graag 16 GB swapfile aanmaken.\
Op de overige 3 servers (tomcat) applicatie servers willen we graag een extra virtual ip op frontend device hebben. \
Zodat de toX omgeving en ttX welke beide op 1 server draaien een eigen ip hebben.\
Op deze 3 servers graag een 4 Gb swapfile aanmaken. |\N
node|aanvraag|0|38491|38491|und|0|Deze server is een extra testserver, hij dient hetzelfde te worden opgezet en ingericht als de al bestaande testserver, vmt010140177032 (10.140.177.32).|\N
node|aanvraag|0|38560|38560|und|0|geen |\N
node|aanvraag|0|38582|38582|und|0|Aanvraag besproken met Jochem. We willen graag gebruik maken van het MQ hotel en het Oracle database hotel.|\N
node|aanvraag|0|38764|38764|und|0|gaarne MQ client 8.0 installeren\
liefst laatste versies van OS en middleware conform stack 5.2\
gaarne een nieuwe Oracle 12.2 instantie in het db-hotel genaamd fleks_t\
we gaan zelf het beheer doen van deze machine\
|\N
node|aanvraag|0|38979|38979|und|0|Graag voorzien van Redhat 7.6 indien mogelijk  \
De server is afgeleid van de 10.140.178.209\
Graag de bestanden die zijn gedownload via Beheer en staan op "IBM  BAW" toegankelijk maken\
|\N
node|aanvraag|0|38994|38994|und|0|Java JRE Versie 8 64 bit|\N
node|aanvraag|0|39010|39010|und|0|Graag standaard lege LINUX server RedHat 7.6\
Eerste users :  jsc217,  kku017,  en tst131 \
\
Aanvullend verzoek : mogelijkheid om internet te benaderen voor downloads van applicatiesoftware en updates. Graag rekening mee houden\
|\N
node|aanvraag|0|39092|39092|und|0|!!!LET OP\
De testomgeving dient 3 weken later opgeleverd te worden.\
\
Op de database server Oracle 12.2 installeren\
Graag office 2017 installeren op WIndows servers|\N
node|aanvraag|0|39126|39126|und|0|Er is al een Test omgeving bij OTOD. Wij willen as-is met nieuwe stacks v 6.0). SW ontwikkelaar is: Gerrie Krijnen (Team Mimas) & IBM Architect  Rob Snieder. oplevering wordt door Gerrie uotgevoerd.\
\
Wel dient de database server vervangen te worden door een instantie in het SQL server database hotel (SQL server 2017).|\N
node|aanvraag|0|39175|39175|und|0|RHEL 7.6|\N
node|aanvraag|0|39228|39228|und|0|Graag identiek aan de aanvraag van 15 juli nummer 39010|\N
node|aanvraag|0|39229|39229|und|0|Graag identiek aan aanvraag 39010 ( lege LINUX server)  |\N
node|aanvraag|0|39237|39237|und|0|IIS 10\
Tevens is een instantie nodig in het database hotel. Hiervoor gebruiken we Oracle database server 12.2.|\N
node|aanvraag|0|39342|39342|und|0|Robert weet alle specs preciezer.|\N
node|aanvraag|0|39351|39351|und|0|Twee kleine servers in de UWV SQL Server omgeving (combi database/applicatie server) \
•	 één server tbv T\
•	Acceptatie Brons, productie Zilver \
•	Config per server: \
o	2 CPU ( 9 evc), \
o	8 G memory ( 4 minimum, 2 voor SQL Server base en 2 voor SSRS) \
o	40 GB Disk voor SSRS en databases \
o	66GB Disk OS en swap/page \
o	\
•	Benodigde software per server \
1 Standaard techniche stack  windows 2016 Database server DBS2\
        1 windows 2016 \
        1 SQL Server \
        1 MS- SSRS (Reproting services) \
        1 MS - SSIS (Integration Services\
|\N
node|aanvraag|0|39377|39377|und|0|Standaard lege redhat met extra schijfruimte aan de /w001 (150GB) |\N
node|aanvraag|0|39378|39378|und|0|standaard Linux redhhat met extra schijfruimte op de /w001 (150Gb) \
toegang viob admin groep|\N
node|aanvraag|0|39414|39414|und|0|Webserver\
Windows 2016 SE\
.NET 4.7\
Java JRE 8 \
IIS Web Server 10\
\
\
Applicatieserver\
Windows 2016 SE\
.NET 4.7\
Java JRE 8 \
MSXML 6\
IIS Web Server 10|\N
node|aanvraag|0|39461|39461|und|0|Voor GOH CDCT hebben we reeds een nieuwe GOH-OTOD-omgeving ingericht. Deze bestaat uit een applicatieserver en een database die onderdeel is van het DB-hotel.\
Nu wil men bij DIV ook een GOH-OTOD2-omgeving ingericht hebben die identiek is aan de reeds opgebouwde GOH-OTOD-omgeving.\
\
De GOH-OTOD-servers  die als basis kunnen worden gebruikt voor de GOH-OTOD2-servers:\
C-DCT-GOH-TEST_APP - 10.140.177.177 (applicatieserver)\
C-DCT-GOH-TEST_DB - 10.140.178.11 (DB-server/DB-hotel)\
\
Graag ook de MW die nu ook op de GOH-OTOD-applicatieserver staat installeren op de GOH-OTOD2-applicatieserver (bijv Apache Tomcat 9)|\N
node|aanvraag|0|39465|39465|und|0|SQL Developer - Oracle ODP (Oracle Client) - IIS standaard|\N
node|aanvraag|0|39479|39479|und|0|Graag precies dezelfde server als onderstaand.\
\
vmt010140177032\
Datacap\
10.140.177.32	4	0.40	16 384	60	W 2012 R2 64b	14/11/2017 - 14:45	E: 130gb	Operational\
|\N
node|aanvraag|0|39486|39486|und|0|Voor GOH EAED is er al een OTOD ingericht. Nu dienen we nog een OTOD2 in te richten.\
Indien er specifieke informatie nodig is (mounts/labels? extra IP-adressen? etc) graag even contact opnemen met mij (Sander Kater. 06-17452036) zodat ik dit met CAP kan afstemmen. rechtstreeks afstemmen met CAP is natuurlijk ook prima.\
\
tav de DB-server: het betreft een reservering in het DB-hotel (zoals bij OTOD ook ingericht is). Dat is een AIX-server met Oracle erop. De versie van Oracle (12c) ben ik zeker van maar de versie van AIX (7.2) niet helemaal.|\N
node|aanvraag|0|39527|39527|und|0|het betreft een Greenfield-AD server op OTOD die initieel voor EAED noodzakelijk is (tbv POC om aan te tonen dat op PROD het EAED afscheid kan nemen van zin dedicated Domain Cntrollers en gebruik kan maken van het generieke Greenfield AD). \
Uiteindelijk kan dit een generieke Greenfield-AD-server zijn die voor alle OTOD-omgevingen beschikbaar kan worden gesteld (en dus niet specifiek alleen voor EAED).|\N
node|aanvraag|0|39610|39610|und|0|Graag voor alle 3 de  laatste versie van RHEL en de groep test\\systemteam toevoegen aan sudoers|\N
node|aanvraag|0|39816|39816|und|0|Willen jullie twee nieuwe test servers inrichten met W2016 ten behoeve van OM-Scaler.\
De CPU's en memory en toegang gelijk aan onderstaande oude/huidige Scaler servers:\
\
vmt010140177001 OM_Robuust 10.140.177.1 W 2008 R2 64b Scaler DB1\
vmt010140176244 OM_Robuust 10.140.176.244 W 2008 R2 64b Scaler App 1\
\
Deze bovenstaande oude W 2008 servers moeten nog beschikbaar blijven totdat de nieuwe gevraagde servers beschikbaar zijn en door Canon voorzien zijn van Scaler.\
\
|\N
node|aanvraag|0|39836|39836|und|0|Aanvraag is besproken met Jochem, betreft de 2e tijdelijke server die we nodig hebben. Graag rekening houden met de volgende acties/specs:\
• Aanmaken local admin account voor Peter op vmt010140176213 \
• Uitrollen van een nieuwe VM met dezelfde specs als vmt010140176213 \
• In overleg moment bepalen & tijdelijk uitzetten van de vmt010140176213 zodat clone gemaakt kan worden door IBM\
\
Let op, het uitzetten van de bestaande VM graag in overleg met Michel/Minh. Alvast dank.|\N
node|aanvraag|0|39879|39879|und|0|Graag voor alle 4 de servers RHEL 7.6 installeren en een 4 GB SWAP file aanmaken.|\N
node|aanvraag|0|39914|39914|und|0|LET OP: OS=Windows 2016 en hebben we SQL Server 2016 EE SP2 nodig!|\N
node|aanvraag|0|39945|39945|und|0|servers aanmaken zoals voorbeeldservers  10.140.176.156 en 10.140.176.174 \
Toegang en sudorechten voor via AD voor group systemsteam regelen aub|\N
node|aanvraag|0|40148|40148|und|0|Graag RHEL 7.6 als versie nemen. Groep systemteam inlog en sudo rechten geven.\
\
|\N
node|aanvraag|0|40156|40156|und|0|Graag dit ticket laten oppakken door Eduardo. We hebben dit vorige week besproken.\
Met deze 2 servers willen we tests gaan uitvoeren om te kijken of we het netwerksegment 10.140.180.* kunnen gebruiken als aliassen voor onze webservers.\
Dit ivm met het tekort aan IP-adressen in de 'normale' ranges. Hiervoor zal wel een extra netwerkadapter aan de VM's moeten worden gehangen\
|\N
node|aanvraag|0|40307|40307|und|0|SQL-server 2017. We maken graag gebruik van het DB-hotel.|\N
node|aanvraag|0|40632|40632|und|0|Graag identiek aan opbouwen/inrichten aan de 10.140.177.32\
\
Dit geldt voor zowel de technische specificaties als de functionele. (aka rechtengroepen ect)|\N
node|aanvraag|0|40666|40666|und|0|We hebben 1 enkele win2016 server nodig maar wel met aan aantal componenten (BizTalk 2016, SQL Server 2016, WMQ 9.1, IIS, FILE)|\N
node|aanvraag|0|40690|40690|und|0|Er moet een nieuwe OTOD omgeving worden aangemaakt die gelijk geschaald is aan de huidige OTOD van KKD. Hierbij moet de nieuwe software worden geïnstalleerd, dus Windows Server 2016 SE, .NET 4.7, ISS webserver 10, MQ client 9.1 (alleen client geen volledige MQ installatie), SQL server 2017 en SQL Server Integration Services 2017. Het betreft een WEB / WIN Server met Groupnaam: TEST\\BIT, TEST\\MOM-LocalAdmin en een SQL Server met Groupnaam: TEST\\BIT, TEST\\MOM-LocalAdmin\
\
Inhoudelijk kan het verder afgestemd worden met Niels.|\N
node|aanvraag|0|40730|40730|und|0|Graag AD groep ewb_admin toevoegen aan de administrator groep.|\N
node|aanvraag|0|40792|40792|und|0|Graag AD-groep KOA_ADMIN (dat hiervoor ook middels een ticket is aangevraagd) toegang geven tot de server.\
Verder graag serviceuser koaadmin ALL=(ALL) NOPASSWD: ALL geven. \
Graag de leden van de groep KOA_ADMIN machtigen om te switchen naar de koaadmin user ( /usr/bin/su - koaadmin )\
Zie voor beheerdocument graag het document behorende bij servers vmd010140178218 en vmt010140176063. Dezelfde team doet het beheer over de applicaties.|\N
node|aanvraag|0|40836|40836|und|0|OS volgens de volgende standaard stack [STS, UWV RH7 BSS-4].|\N
node|aanvraag|0|40909|40909|und|0|Graag deze server toevoegen aan dezelfde project als vmd010140179031, deze horen namelijk bij elkaar. Projectnaam was volgens mij: VIOB 07-04-2020 maar dit kan ik op de portal niet controleren.\
Graag voorzien van redhat 7.8.  \
Tevens AD groep EWB_ADMIN inlogerechten geven en de mogelijkheid om te switchen naar de user ewbadmin (sudo su - ewbadmin). \
Tenslotte AD-user ewbadmin full rights geven zonder password (ewbadmin   ALL=(ALL)  NOPASSWD: ALL). Met deze user wordt verder niet ingelogd en wordt enkel gebruikt voor de installatie.\
Het beheer over de applicaties wordt uitgevoerd door het AOC|\N
node|aanvraag|0|41079|41079|und|0|Omdat we de meeste windows machines aanmaken met systeem account buildserver_system is het handig om dit voor Sofie en verdere SMZ projecten het account smz_system te gebruiken. Voor het werkbedrijf hebben we al wbd_system.\
Dit account zal eerst moeten worden aangemaakt door OTOD in hun AD.\
Administrator account op het systeem en remote desktop user.|\N
node|aanvraag|0|41117|41117|und|0|naast deze applicatieserver willen we voor de TA op TEST ook gebruik gaan maken van het DB-Hotel (Oracle 19c) en het MQ-hotel (MQ9.0.0.6).\
In bijgevoegde vinkenlijst staan de benodigde MW-componenten genoemd. In samenspraak met het GOH TA-team kan gekeken worden welke componenten zelf (door het GOH TA-team) geïnstalleerd kunnen worden en welke vanuit het TOTEM-team worden verwacht.|\N
node|aanvraag|0|41163|41163|und|0|beide machines bij DXC\
database Oracle 12c uit database hotel + backup|\N
node|aanvraag|0|41167|41167|und|0|Appl server:\
Microsoft .NET Framework: 4.7.2\
Microsoft ASP.NET MVC: 5.x\
\
\
DB-server:\
Microsoft SQL Server 2017 (vanaf GRCcontrol v4.8)\
Opslag volgens richtlijnen DXC voor de DB-server|\N
node|aanvraag|0|41187|41187|und|0|Gaarne bij DXC|\N
node|aanvraag|0|41188|41188|und|0|Gaarne bij DXC.\
Deze met MS SQL server|\N
node|aanvraag|0|41189|41189|und|0|1) Deze applicatieserver dient ook voorzien te worden van MQ Server software. Hiervoor is akkoord gegeven door Licentiemanagement\
2) De applicatie ODS maakt ook gebruik van een DB. Hiervoor willen we graag gebruik maken van het DB-hotel (Oracle 19c op een Linux 7.9 OS)\
3) let op: het betreft servers binnen het DXC-datacenter!!|\N
node|aanvraag|0|41201|41201|und|0|Samen met Jochem en beheerder Piet Nan doorlopen om server configuratie te bepalen. .Net4.8 installeren a.u.b.  Graag DB hotel instantie voor SQL server conform huidige OTOD, maar dan nieuwste versie (2019). Naam indien mogelijk: K3CRT|\N
node|aanvraag|0|41212|41212|und|0|1. Het betreft een DXC-machine met Windows 2019\
2. Overige specificaties conform technische stack v8.0, Windows N-0 -\
3. Voor de database willen we gebruik maken van het databasehotel en SQL-server 2017 - UWV W2K19 Std DBS-1\
4. Toegang groepen hetzelfde als huidige\
5. Installeren inclusief .Net Framework 4.8 en IIS \
|\N
node|aanvraag|0|41213|41213|und|0|Omgeving moet in DXC-T worden aangemaakt|\N
node|aanvraag|0|41217|41217|und|0|De Oracle inrichting mag gelijk aan een eerdere aanvraag 41211 waarover al contact is geweest tussen Hans Tuin en Robert Koote (m.b.t. oracle cluster e.d.)|\N
node|aanvraag|0|41218|41218|und|0|We hebben een OS nodig (win2019 SE) die niet geselecteerd kan worden. Omdat win2019 SE niet beschikbaar is binnen het OTOD-domein van IBM, hebben we besloten om (op advies van Jochem), ondanks dat de A en de P omgevingen wel bij IBM staan, deze OTOD-server bij DXC af te nemen (dan is win2019 SE wel beschikbaar).\
Op dit moment heeft TEF al een OTOD-omgeving (vmt010140176165  - 10.140.176.165) en daarop staat zowel de TEF-software als de bijbehorende SQL-database (2012 EE) op geïnstalleerd. Dat willen we op de nieuwe GOH OTOD TEF server weer doen (SQL 2017).\
Daarnaast zouden we graag nog een aantal componenten erop geïnstalleerd zien: .NET Framework 4.8 en ISS Web Server 10. Ik hoop dat jullie daarin kunnen helpen.\
Mochten er vragen zijn tav disksizing, kijk dan aub even op de huidige server hoe het daar is ingericht. Er veranderd binnen dit GOH project niets anders dan alleen de OS en MW versies. Dus de TEF-versie blijft ook identiek aan hetgeen er nu op de oude OTOD-server al is geïnstalleerd. Nieuwe OTOD server van TEF kan daarmee identiek worden ingericht aan de oude OTOD server van TEF.|\N
node|aanvraag|0|41222|41222|und|0|Gaarne ook een Oracle DB in het cluster bij DXC|\N
node|aanvraag|0|41233|41233|und|0|deze configuratie in T DXC 5 keer|\N
node|aanvraag|0|41237|41237|und|0|Letop!\
- Groep dama-admin-t heb ik vandaag aangevraagd onder ticket RQ-449676\
- Graag Apache Tomcat 9.0 ipv 8.0|\N
node|aanvraag|0|41240|41240|und|0|Samen de aanvraag met Jochem van Bermon en beheerder Wouter IJsselmuiden door lopen om server configuratie correct te bepalen.\
Eerste server is een webserver en de tweede een database server. Beiden zouden moeten draaien op OS RHEL 7.9 (deze keuze was er niet).\
Hoe gaan we om met authorisatie (NTLM)? We laten CGI geen software met NTLM installeren, maar wachten op de Basic Authentication oplossing.\
De DB server zou moeten worden voorzien van Oracle 19c (keuze was er niet). Database komt in database hotel. SID wordt AWWT.|\N
node|aanvraag|0|41242|41242|und|0|LetOP! graag Windows Server 2019 en bij de laatste machine SQL Server 2019\
\
De eerste twee machines worden applicatieservers, dus dit kan gewoon een kale windows server 2019 worden.\
De laatste machine is de SQL server 2019 machine. Graag inrichten zoals de sql server van verzoek https://otod.ba.uwv.nl/node/41232|\N
node|aanvraag|0|41244|41244|und|0|- Graag Windows Server 2019\
- Kan er tevens een DNS entry geregistreerd worden voor deze machine: buildserver01.t-dc.ba.uwv.nl |\N
node|aanvraag|0|41246|41246|und|0|OS W2019|\N
node|aanvraag|0|41252|41252|und|0|Verzoek om Windows Server 2019 incl SQL Server 2019 inclusief Reporting en Analysis services. Harddisks volgens SQL server standaard met data/log etc. Graag de data schijf 100GB|\N
node|aanvraag|0|41253|41253|und|0|Gaan om 15 servers in het DXC-O domein. Het DXC aanvraagformulier is als bijlage toegevoegd bij de\
"Technische requirements". Verzoek is conform eerder verzoek (41245) voor zelfde set aan servers voor het DXC-O domein. Met Jochem Bermon afgesproken dat we dit op deze manier mogen aanvragen|\N
node|aanvraag|0|41255|41255|und|0|Dit betreft de aanvraag voor de AVB-DVB applicatie. Er is geen afstemming geweest met Jochem aangezien Jochem op vakantie is.|\N
node|aanvraag|0|41256|41256|und|0|Dit betreft de aanvraag voor de WTL applicatie. Er is geen afstemming geweest met Jochem aangezien\
Jochem op vakantie is.|\N
node|aanvraag|0|41257|41257|und|0|Dit betreft de aanvraag voor de PDWW applicatie. Er is geen afstemming geweest met Jochem aangezien Jochem op vakantie is.|\N
node|aanvraag|0|41258|41258|und|0|Graag IIS ook installeren incl recente versie MQ|\N
node|aanvraag|0|41259|41259|und|0|Tomcat 9.x\
WebSphere MQ\
JDK Azul Zulu 1.8|\N
node|aanvraag|0|41260|41260|und|0|Dit betreft de aanvraag voor de PDIapplicatie. Er is geen afstemming geweest met Jochem aangezien Jochem op vakantie is.|\N
node|aanvraag|0|41261|41261|und|0|Gaan om 1 database server in het DXC-T domein. Het DXC aanvraagformulier is als bijlage toegevoegd bij de\
"Technische requirements". Hierop staan 2 db-servers: eentje voor DXC-O domein en eentje voor DXC-T domein. \
Betreft servers identiek aan andere werk.nl db-servers, zoals ook aangegeven in de bijlage. Gelieve ook toegnag tot servers in te richten conform recent aangevraagd O6 en T6 db-servers (uwva3vlounm0035 en uwva3vltunm0051)|\N
node|aanvraag|0|41264|41264|und|0|Gaan om 1 RHEL7 server in het DXC-T domein. Het DXC aanvraagformulier is als bijlage toegevoegd bij\
het "Architectuur overzicht". \
Hierop staan 2 servers vermeld: eentje voor DXC-O domein en eentje voor DXC-T\
domein. Deze servers identiek aan de uwva2vltunm0018.T-dc.ba.uwv.nl, zoals ook aangegeven in de bijlage.\
Gelieve ook toegang tot servers in te richten voor alle leden van het System Team (conform de uwva2vltunm0018 bijvoorbeeld)|\N
node|aanvraag|0|41265|41265|und|0|Gaat om een 6-tal servers in het DXC-T domein. Het DXC aanvraagformulier is als bijlage toegevoegd bij \
de "Technische requirements". \
Het betreft in totaal 6 servers: \
- 2 windows servers,\
- 1 RHEL7 server,\
- 3 database servers, identiek aan servers zoals die nu al draaien (WBS T-db bij DXC (10.178.128.215), werk.nl T1 bij DXC (10.140.129.169) en Sonar TT1-db bij IBM (10.140.179.29).\
Gelieve ook toegang tot servers in te richten voor alle mensen van het System Team en voor Millo Korving (conform bijvoorbeeld de recent aangevraagd O6 en T6 servers)\
\
|\N
node|aanvraag|0|41266|41266|und|0|Graag ook een Test database:\
•	Naam: TAVB\
•	Size: 50GB\
•	Oracle Versie: 12c\
\
Voor deze applicatie zijn al eerder servers aangevraagd (zie aanvraag 41255). Hiervan blijkt nu dat de OS versie niet klopt. De servers uit de eerder aanvraag kunnen worden verwijderd.|\N
node|aanvraag|0|41267|41267|und|0|Gaat om een server in het DXC-T domein. Het DXC aanvraagformulier is als bijlage toegevoegd bij de\
"Technische requirements". Het betreft 1 RHEL database server, identiek aan server zoals die nu al draaien (Sonar TT1-db bij IBM (10.140.179.29 --> met als groot verschil dat deze aanvraag RHEL is i.p.v. AIX). Gelieve ook toegang tot servers in te richten voor alle mensen van het System Team (conform bijvoorbeeld de recent aangevraagd O6 en T6 servers)|\N
node|aanvraag|0|41268|41268|und|0|Gaat in totaal om 4 servers, waarvan 3 in het DXC T-domein. Het DXC aanvraagformulier is als bijlage toegevoegd bij de\
"Technische requirements". \
Voor de T-omgeving betreft 2 RHEL applicatieserver, identiek aan server zoals die 2 maand geleden is opgeleverd (uwva2vlounm0095: deze was in het O-domein: deze nieuwe servers moeten in T-domein maar wel met dezelfde spec's) en 1 RHEL db-server (gelijk aan de reeds bestaande uwvm2vltunm0005\
Gelieve ook toegang tot servers in te richten voor alle mensen van het System Team.|\N
node|aanvraag|0|41269|41269|und|0|Oracle DB-hotel: Oracle DB server 12.2\
.NET framework 4.7|\N
node|aanvraag|0|41270|41270|und|0|Graag de volgende software versies gebruiken:\
- Oracle Client 19c\
- IIS 10\
- .Net Framework 4.8\
\
Graag ook een database aanmaken op het database hotel:\
- Naam: OKBS\
- Grootte: 10GB\
- Versie: 19c\
\
Voor toegangsrechten zie kopje infrastructuur|\N
node|aanvraag|0|41274|41274|und|0|standaard windows server voor .NET ontwikkeling.   Ik neem aan dat deze aan de DXC zijde wordt geïnstalleerd ? |\N
node|aanvraag|0|41275|41275|und|0|Graag een Windows 2019 server.\
Deze server is bedoeld als testwerkplek totdat PWS live gaat. Er gaan 2 tester op werken, namelijk ad van erp en michiel Koomen. Ik verwacht dus dat er ook 2 user calls nodig zijn. De tester zullen toegang moeten hebben tot de testservers en databases van UPA. Ik weet niet of deze er al zijn, worden aangevraagd door Sander Kater.|\N
node|aanvraag|0|41276|41276|und|0|Gaat om een server in het DXC-T domein. Het DXC aanvraagformulier is als bijlage toegevoegd bij de\
"Technische requirements". Het betreft 1 Windows server. \
Gelieve ook toegang tot servers in te richten voor alle mensen van het System Team |\N
node|aanvraag|0|41277|41277|und|0|Voor software versies zie Software Vinkenlijst.\
Graag ook een database aanmaken op het database hotel: \
- Naam: TODS\
- Grootte: 30GB \
- Versie: 19c \
Voor toegangsrechten zie kopje applicatie|\N
node|aanvraag|0|41278|41278|und|0|Voor software versies zie Software Vinkenlijst. \
Graag ook 2 databases aanmaken op het database hotel (MS SQL): \
- Naam: TUGC\
- Grootte: 10GB \
- Versie: Microsoft SQL Server 2017 Enterprise Edition\
\
- Naam: TEPM\
- Grootte: 10GB \
- Versie: Microsoft SQL Server 2017 Enterprise Edition\
Voor toegangsrechten zie kopje applicatie\
|\N
node|aanvraag|0|41279|41279|und|0|bijgevoegde excelsheet toont alle benodigde OTOD-O en OTOD-T servers (incl CPU, MEM, Storage)\
Let op: in de excelsheet wordt ook een instance in het DB-hotel gevraagd met DB-naam O1PPLS (meer info was niet nodig begreep ik van Jochem)\
Let op: in de sheet is een prioriteit van levering opgegeven. Daardoor staan de OTOD-O en OTOD-T servers door elkaar. Wees daar alert op.|\N
node|aanvraag|0|41280|41280|und|0|Gaat in totaal om 2 database servers, waarvan 1 in het DXC T-domein. Het DXC aanvraagformulier is als bijlage\
toegevoegd bij de "Technische requirements". Voor de T-omgeving betreft 1 RHEL db-server (identiek aan server uwvm3vltunm0003).\
\
Gelieve ook toegang tot server in te richten voor alle mensen van het System Team|\N
node|aanvraag|0|41281|41281|und|0|gaarne win2019, 1X, met IIS en MQ en .Net core 3.1 Runtime Bundle. dau-admin-t moet nog aangemaakt worden met Ngr030, rwa070. En een database SQL server 2019 in het database hotel|\N
node|aanvraag|0|41282|41282|und|0|Identiek aan huidige omgeving, anders even samen invullen verder, bij vragen|\N
node|aanvraag|0|41284|41284|und|0|Gaat in totaal om 3 servers, waarvan 2 in het DXC T-domein. Het DXC aanvraagformulier is als bijlage\
toegevoegd bij de "Technische requirements". Voor de T-omgeving betreft 2 RHEL applicatieservers,\
identiek aan server zoals die reeds eerder is opgeleverd (uwva2vltunm0096) Gelieve ook toegang tot\
servers in te richten voor alle mensen van het System Team.|\N
node|aanvraag|0|41285|41285|und|0|Gaat om in totaal 2 RHEL applicatie servers: eentje in O-domein en eentje in T-domein. Het aanvraagformulier is bijgevoegd onder architectuur overzicht. Gelieve toegang tot de servers in te regelen voor alle mensen uit het System TEam.|\N
node|aanvraag|0|41286|41286|und|0|Graag win2019\
en graag 5 keer|\N
node|aanvraag|0|41288|41288|und|0|Graag win2019\
1 maal|\N
node|aanvraag|0|41289|41289|und|0|graag win2019 , Graag 2 maal|\N
node|aanvraag|0|41290|41290|und|0|Zie architectuur schema voor de viertal machines die hier worden beoogd. 2x voor Orchestrator / Insights, 1x als 'client' voor Studio / Robot (als test equivalent voor de KPN Werkplek). En dus 1x SQL. Een losse (dedicated) SQL server voelt voor deze testomgeving als overkill. Is er ook de mogelijkheid om een tweetal databases toe te voegen op een bestaande SQL server? Perfomance belasting (load en opslag) is zeer beperkt voor deze testopstelling.|\N
node|aanvraag|0|41291|41291|und|0|Graag accounts van Paul van Ballegooij (pba013-rh) en Peter de Rooij (pro054-rh) toegang geven met root-rechten. Mogelijk moet pro054-rh nog aangemaakt worden. Graag de nieuwste RedHat versie.\
\
|\N
node|aanvraag|0|41296|41296|und|0|Het gaat om in totaal 6 RHEL servers, waarvan 3 in het O-domein en 3 in het T-domein. De specificaties van de servers is als XLS-bestand opgenomen in het architectuur overzicht. Gelieve toegang tot servers in te richten voor alle mensen van het System Team.|\N
node|aanvraag|0|41297|41297|und|0|Graag 1 maal win2019|\N
node|aanvraag|0|41298|41298|und|0|Graag ook 1 database aanmaken op het database hotel: - Naam: TPOLISBRON- Grootte: 20GB - Versie: Oracle 19c \
Voor toegangsrechten zie kopje applicatie|\N
node|aanvraag|0|41300|41300|und|0|Identiek aan PDI web/applicatie server in OTOD-T (aanvraag 41282) . Deze aanvraag is voor de aparte DB server In het heel kort: PDI in T kan niet naar het OTOD database hotel maar krijgt een eigen database server in het Oracle cluster. Door plaatsing in dat cluster komen er geen extra licentie kosten bij. Zie bijgevoegde mail onder documentatie/software architectuur met achtergrond info. Hierbij is Jochem betrokken geweest en is inhoudelijk op de hoogte. Let op! Staat voor morgen ter approval bij Design Office op de agenda.|\N
node|aanvraag|0|41303|41303|und|0|Gaan om in totaal 5 RHEL7 servers, waarvan 3 in het DXC-T domein. Het DXC aanvraagformulier is als bijlage toegevoegd bij het "Architectuur overzicht". Hierop staan alle 5 servers vermeld: 2 voor het O-domein en 3 voor het T-domein. \
De 3 T-servers identiek aan de uwva3vltunm0066.T-dc.ba.uwv.nl, zoals ook aangegeven in de bijlage. Gelieve ook toegang tot servers in te richten voor alle leden van het System Team (conform de uwva3vltunm0066 bijvoorbeeld)|\N
node|aanvraag|0|41306|41306|und|0|De Linux server is vervanging van de bestaande Redhat server vmt010140176120\
De laatste Windows server zou een W2019 moeten worden|\N
node|aanvraag|0|41307|41307|und|0|Graag opleveren op OTOD DXC\
Laatste Windows server versie.|\N
node|aanvraag|0|41308|41308|und|0|Conform bestaande applicatieserver CBBS|\N
node|aanvraag|0|41309|41309|und|0|win 2019\
\
IIS en MQ hoogste versie|\N
node|aanvraag|0|41310|41310|und|0|Deze aanvraag vervangt server uwva2vwtunm0107 uit aanvraag 41290\
\
Graag Windows Server 2019\
Met Virtualisatie-mogelijkheid, zodat Hyper-V kan worden ingeschakeld en Docker geïnstalleerd|\N
node|aanvraag|0|41313|41313|und|0|Gaat om in totaal 8 Linux server met RHEL8. In totaal 4 servers in het O-domein en 4-servers in het T-domein. In het architectuuroverzicht is een XLS opgenomen met de specificaties van de betreffende servers.\
Graag ook toegang tot deze servers inregelen voor de mensen van het System Team en projectmedewerkers (mko290, rha157 en bbo141)|\N
