field_collection_item|field_serverspecificatie|0|59|59|und|0|2
field_collection_item|field_serverspecificatie|0|62|62|und|0|2
field_collection_item|field_serverspecificatie|0|65|65|und|0|2
field_collection_item|field_serverspecificatie|0|68|68|und|0|4
field_collection_item|field_serverspecificatie|0|71|71|und|0|4
field_collection_item|field_serverspecificatie|0|82|82|und|0|4
field_collection_item|field_serverspecificatie|0|94|94|und|0|4
field_collection_item|field_serverspecificatie|0|97|97|und|0|4
field_collection_item|field_serverspecificatie|0|108|108|und|0|6
field_collection_item|field_serverspecificatie|0|111|111|und|0|2
field_collection_item|field_serverspecificatie|0|114|114|und|0|2
field_collection_item|field_serverspecificatie|0|116|116|und|0|2
field_collection_item|field_serverspecificatie|0|120|120|und|0|2
field_collection_item|field_serverspecificatie|0|122|122|und|0|2
field_collection_item|field_serverspecificatie|0|124|124|und|0|2
field_collection_item|field_serverspecificatie|0|129|129|und|0|1
field_collection_item|field_serverspecificatie|0|134|134|und|0|2
field_collection_item|field_serverspecificatie|0|136|136|und|0|4
field_collection_item|field_serverspecificatie|0|155|155|und|0|2
field_collection_item|field_serverspecificatie|0|157|157|und|0|2
field_collection_item|field_serverspecificatie|0|171|171|und|0|2
field_collection_item|field_serverspecificatie|0|173|173|und|0|4
field_collection_item|field_serverspecificatie|0|175|175|und|0|4
field_collection_item|field_serverspecificatie|0|190|190|und|0|2
field_collection_item|field_serverspecificatie|0|193|193|und|0|4
field_collection_item|field_serverspecificatie|0|195|195|und|0|2
field_collection_item|field_serverspecificatie|0|199|199|und|0|2
field_collection_item|field_serverspecificatie|0|201|201|und|0|2
field_collection_item|field_serverspecificatie|0|204|204|und|0|1
field_collection_item|field_serverspecificatie|0|207|207|und|0|1
field_collection_item|field_serverspecificatie|0|232|232|und|0|4
field_collection_item|field_serverspecificatie|0|235|235|und|0|2
field_collection_item|field_serverspecificatie|0|237|237|und|0|2
field_collection_item|field_serverspecificatie|0|239|239|und|0|2
field_collection_item|field_serverspecificatie|0|241|241|und|0|2
field_collection_item|field_serverspecificatie|0|243|243|und|0|2
field_collection_item|field_serverspecificatie|0|245|245|und|0|2
field_collection_item|field_serverspecificatie|0|249|249|und|0|2
field_collection_item|field_serverspecificatie|0|251|251|und|0|2
field_collection_item|field_serverspecificatie|0|253|253|und|0|4
field_collection_item|field_serverspecificatie|0|255|255|und|0|2
field_collection_item|field_serverspecificatie|0|257|257|und|0|2
field_collection_item|field_serverspecificatie|0|259|259|und|0|2
field_collection_item|field_serverspecificatie|0|261|261|und|0|2
field_collection_item|field_serverspecificatie|0|263|263|und|0|2
field_collection_item|field_serverspecificatie|0|265|265|und|0|2
field_collection_item|field_serverspecificatie|0|267|267|und|0|2
field_collection_item|field_serverspecificatie|0|269|269|und|0|2
field_collection_item|field_serverspecificatie|0|272|272|und|0|2
field_collection_item|field_serverspecificatie|0|275|275|und|0|2
field_collection_item|field_serverspecificatie|0|278|278|und|0|2
field_collection_item|field_serverspecificatie|0|281|281|und|0|2
field_collection_item|field_serverspecificatie|0|284|284|und|0|2
field_collection_item|field_serverspecificatie|0|287|287|und|0|2
field_collection_item|field_serverspecificatie|0|290|290|und|0|1
field_collection_item|field_serverspecificatie|0|292|292|und|0|2
field_collection_item|field_serverspecificatie|0|294|294|und|0|50
field_collection_item|field_serverspecificatie|0|296|296|und|0|2
field_collection_item|field_serverspecificatie|0|298|298|und|0|4
field_collection_item|field_serverspecificatie|0|300|300|und|0|2
field_collection_item|field_serverspecificatie|0|302|302|und|0|2
field_collection_item|field_serverspecificatie|0|304|304|und|0|2
field_collection_item|field_serverspecificatie|0|307|307|und|0|2
field_collection_item|field_serverspecificatie|0|310|310|und|0|2
field_collection_item|field_serverspecificatie|0|312|312|und|0|2
field_collection_item|field_serverspecificatie|0|315|315|und|0|2
field_collection_item|field_serverspecificatie|0|319|319|und|0|2
field_collection_item|field_serverspecificatie|0|322|322|und|0|2
field_collection_item|field_serverspecificatie|0|324|324|und|0|1
field_collection_item|field_serverspecificatie|0|326|326|und|0|2
field_collection_item|field_serverspecificatie|0|328|328|und|0|2
field_collection_item|field_serverspecificatie|0|330|330|und|0|2
field_collection_item|field_serverspecificatie|0|333|333|und|0|2
field_collection_item|field_serverspecificatie|0|336|336|und|0|2
field_collection_item|field_serverspecificatie|0|340|340|und|0|2
field_collection_item|field_serverspecificatie|0|342|342|und|0|2
field_collection_item|field_serverspecificatie|0|344|344|und|0|2
field_collection_item|field_serverspecificatie|0|347|347|und|0|2
field_collection_item|field_serverspecificatie|0|350|350|und|0|2
field_collection_item|field_serverspecificatie|0|353|353|und|0|2
field_collection_item|field_serverspecificatie|0|355|355|und|0|2
field_collection_item|field_serverspecificatie|0|357|357|und|0|2
field_collection_item|field_serverspecificatie|0|361|361|und|0|2
field_collection_item|field_serverspecificatie|0|363|363|und|0|2
field_collection_item|field_serverspecificatie|0|365|365|und|0|2
field_collection_item|field_serverspecificatie|0|371|371|und|0|1
field_collection_item|field_serverspecificatie|0|373|373|und|0|1
field_collection_item|field_serverspecificatie|0|377|377|und|0|6
field_collection_item|field_serverspecificatie|0|379|379|und|0|2
field_collection_item|field_serverspecificatie|0|416|416|und|0|1
field_collection_item|field_serverspecificatie|0|419|419|und|0|4
field_collection_item|field_serverspecificatie|0|421|421|und|0|1
field_collection_item|field_serverspecificatie|0|423|423|und|0|1
field_collection_item|field_serverspecificatie|0|425|425|und|0|1
field_collection_item|field_serverspecificatie|0|427|427|und|0|1
field_collection_item|field_serverspecificatie|0|429|429|und|0|1
field_collection_item|field_serverspecificatie|0|431|431|und|0|1
field_collection_item|field_serverspecificatie|0|433|433|und|0|2
field_collection_item|field_serverspecificatie|0|436|436|und|0|1
field_collection_item|field_serverspecificatie|0|438|438|und|0|1
field_collection_item|field_serverspecificatie|0|440|440|und|0|1
field_collection_item|field_serverspecificatie|0|442|442|und|0|1
field_collection_item|field_serverspecificatie|0|444|444|und|0|1
field_collection_item|field_serverspecificatie|0|446|446|und|0|1
field_collection_item|field_serverspecificatie|0|449|449|und|0|2
field_collection_item|field_serverspecificatie|0|452|452|und|0|1
field_collection_item|field_serverspecificatie|0|455|455|und|0|1
field_collection_item|field_serverspecificatie|0|458|458|und|0|2
field_collection_item|field_serverspecificatie|0|461|461|und|0|2
field_collection_item|field_serverspecificatie|0|463|463|und|0|1
field_collection_item|field_serverspecificatie|0|465|465|und|0|1
field_collection_item|field_serverspecificatie|0|467|467|und|0|1
field_collection_item|field_serverspecificatie|0|469|469|und|0|2
field_collection_item|field_serverspecificatie|0|475|475|und|0|2
field_collection_item|field_serverspecificatie|0|477|477|und|0|4
field_collection_item|field_serverspecificatie|0|480|480|und|0|1
field_collection_item|field_serverspecificatie|0|482|482|und|0|1
field_collection_item|field_serverspecificatie|0|486|486|und|0|8
field_collection_item|field_serverspecificatie|0|493|493|und|0|2
field_collection_item|field_serverspecificatie|0|496|496|und|0|2
field_collection_item|field_serverspecificatie|0|506|506|und|0|2
field_collection_item|field_serverspecificatie|0|510|510|und|0|4
field_collection_item|field_serverspecificatie|0|515|515|und|0|2
field_collection_item|field_serverspecificatie|0|518|518|und|0|2
field_collection_item|field_serverspecificatie|0|525|525|und|0|2
field_collection_item|field_serverspecificatie|0|530|530|und|0|4
field_collection_item|field_serverspecificatie|0|532|532|und|0|1
field_collection_item|field_serverspecificatie|0|534|534|und|0|1
field_collection_item|field_serverspecificatie|0|536|536|und|0|1
field_collection_item|field_serverspecificatie|0|538|538|und|0|1
field_collection_item|field_serverspecificatie|0|540|540|und|0|1
field_collection_item|field_serverspecificatie|0|542|542|und|0|1
field_collection_item|field_serverspecificatie|0|544|544|und|0|1
field_collection_item|field_serverspecificatie|0|546|546|und|0|2
field_collection_item|field_serverspecificatie|0|549|549|und|0|1
field_collection_item|field_serverspecificatie|0|551|551|und|0|4
field_collection_item|field_serverspecificatie|0|556|556|und|0|2
field_collection_item|field_serverspecificatie|0|559|559|und|0|1
field_collection_item|field_serverspecificatie|0|562|562|und|0|1
field_collection_item|field_serverspecificatie|0|564|564|und|0|1
field_collection_item|field_serverspecificatie|0|566|566|und|0|1
field_collection_item|field_serverspecificatie|0|568|568|und|0|1
field_collection_item|field_serverspecificatie|0|570|570|und|0|1
field_collection_item|field_serverspecificatie|0|572|572|und|0|2
field_collection_item|field_serverspecificatie|0|575|575|und|0|2
field_collection_item|field_serverspecificatie|0|579|579|und|0|2
field_collection_item|field_serverspecificatie|0|582|582|und|0|2
field_collection_item|field_serverspecificatie|0|584|584|und|0|2
field_collection_item|field_serverspecificatie|0|586|586|und|0|1
field_collection_item|field_serverspecificatie|0|588|588|und|0|1
field_collection_item|field_serverspecificatie|0|590|590|und|0|1
field_collection_item|field_serverspecificatie|0|592|592|und|0|1
field_collection_item|field_serverspecificatie|0|595|595|und|0|4
field_collection_item|field_serverspecificatie|0|598|598|und|0|4
field_collection_item|field_serverspecificatie|0|601|601|und|0|4
field_collection_item|field_serverspecificatie|0|604|604|und|0|2
field_collection_item|field_serverspecificatie|0|607|607|und|0|2
field_collection_item|field_serverspecificatie|0|610|610|und|0|4
field_collection_item|field_serverspecificatie|0|613|613|und|0|4
field_collection_item|field_serverspecificatie|0|616|616|und|0|4
field_collection_item|field_serverspecificatie|0|619|619|und|0|2
field_collection_item|field_serverspecificatie|0|628|628|und|0|2
field_collection_item|field_serverspecificatie|0|632|632|und|0|1
field_collection_item|field_serverspecificatie|0|635|635|und|0|2
field_collection_item|field_serverspecificatie|0|639|639|und|0|2
field_collection_item|field_serverspecificatie|0|641|641|und|0|2
field_collection_item|field_serverspecificatie|0|643|643|und|0|2
field_collection_item|field_serverspecificatie|0|645|645|und|0|2
field_collection_item|field_serverspecificatie|0|649|649|und|0|4
field_collection_item|field_serverspecificatie|0|651|651|und|0|1
field_collection_item|field_serverspecificatie|0|654|654|und|0|1
field_collection_item|field_serverspecificatie|0|658|658|und|0|2
field_collection_item|field_serverspecificatie|0|661|661|und|0|2
field_collection_item|field_serverspecificatie|0|664|664|und|0|2
field_collection_item|field_serverspecificatie|0|667|667|und|0|2
field_collection_item|field_serverspecificatie|0|669|669|und|0|1
field_collection_item|field_serverspecificatie|0|671|671|und|0|3
field_collection_item|field_serverspecificatie|0|673|673|und|0|2
field_collection_item|field_serverspecificatie|0|677|677|und|0|0
field_collection_item|field_serverspecificatie|0|680|680|und|0|4
field_collection_item|field_serverspecificatie|0|683|683|und|0|4
field_collection_item|field_serverspecificatie|0|689|689|und|0|1
field_collection_item|field_serverspecificatie|0|691|691|und|0|1
field_collection_item|field_serverspecificatie|0|695|695|und|0|1
field_collection_item|field_serverspecificatie|0|697|697|und|0|1
field_collection_item|field_serverspecificatie|0|704|704|und|0|2
field_collection_item|field_serverspecificatie|0|707|707|und|0|2
field_collection_item|field_serverspecificatie|0|710|710|und|0|2
field_collection_item|field_serverspecificatie|0|713|713|und|0|1
field_collection_item|field_serverspecificatie|0|715|715|und|0|2
field_collection_item|field_serverspecificatie|0|718|718|und|0|2
field_collection_item|field_serverspecificatie|0|721|721|und|0|2
field_collection_item|field_serverspecificatie|0|725|725|und|0|2
field_collection_item|field_serverspecificatie|0|728|728|und|0|2
field_collection_item|field_serverspecificatie|0|731|731|und|0|2
field_collection_item|field_serverspecificatie|0|733|733|und|0|1
field_collection_item|field_serverspecificatie|0|755|755|und|0|2
field_collection_item|field_serverspecificatie|0|759|759|und|0|2
field_collection_item|field_serverspecificatie|0|762|762|und|0|2
field_collection_item|field_serverspecificatie|0|765|765|und|0|2
field_collection_item|field_serverspecificatie|0|768|768|und|0|2
field_collection_item|field_serverspecificatie|0|771|771|und|0|6
field_collection_item|field_serverspecificatie|0|774|774|und|0|2
field_collection_item|field_serverspecificatie|0|776|776|und|0|1
field_collection_item|field_serverspecificatie|0|780|780|und|0|1
field_collection_item|field_serverspecificatie|0|785|785|und|0|2
field_collection_item|field_serverspecificatie|0|788|788|und|0|2
field_collection_item|field_serverspecificatie|0|791|791|und|0|2
field_collection_item|field_serverspecificatie|0|793|793|und|0|8
field_collection_item|field_serverspecificatie|0|797|797|und|0|2
field_collection_item|field_serverspecificatie|0|799|799|und|0|4
field_collection_item|field_serverspecificatie|0|802|802|und|0|2
field_collection_item|field_serverspecificatie|0|806|806|und|0|1
field_collection_item|field_serverspecificatie|0|809|809|und|0|4
field_collection_item|field_serverspecificatie|0|812|812|und|0|2
field_collection_item|field_serverspecificatie|0|815|815|und|0|2
field_collection_item|field_serverspecificatie|0|818|818|und|0|2
field_collection_item|field_serverspecificatie|0|821|821|und|0|2
field_collection_item|field_serverspecificatie|0|824|824|und|0|2
field_collection_item|field_serverspecificatie|0|826|826|und|0|2
field_collection_item|field_serverspecificatie|0|828|828|und|0|2
field_collection_item|field_serverspecificatie|0|837|837|und|0|1
field_collection_item|field_serverspecificatie|0|839|839|und|0|1
field_collection_item|field_serverspecificatie|0|841|841|und|0|4
field_collection_item|field_serverspecificatie|0|854|854|und|0|1
field_collection_item|field_serverspecificatie|0|856|856|und|0|1
field_collection_item|field_serverspecificatie|0|858|858|und|0|2
field_collection_item|field_serverspecificatie|0|862|862|und|0|2
field_collection_item|field_serverspecificatie|0|866|866|und|0|2
field_collection_item|field_serverspecificatie|0|869|869|und|0|2
field_collection_item|field_serverspecificatie|0|872|872|und|0|2
field_collection_item|field_serverspecificatie|0|875|875|und|0|2
field_collection_item|field_serverspecificatie|0|877|877|und|0|4
field_collection_item|field_serverspecificatie|0|881|881|und|0|2
field_collection_item|field_serverspecificatie|0|884|884|und|0|2
field_collection_item|field_serverspecificatie|0|887|887|und|0|2
field_collection_item|field_serverspecificatie|0|889|889|und|0|2
field_collection_item|field_serverspecificatie|0|892|892|und|0|4
field_collection_item|field_serverspecificatie|0|897|897|und|0|2
field_collection_item|field_serverspecificatie|0|916|916|und|0|4
field_collection_item|field_serverspecificatie|0|918|918|und|0|4
field_collection_item|field_serverspecificatie|0|924|924|und|0|4
field_collection_item|field_serverspecificatie|0|926|926|und|0|2
field_collection_item|field_serverspecificatie|0|929|929|und|0|2
field_collection_item|field_serverspecificatie|0|932|932|und|0|4
field_collection_item|field_serverspecificatie|0|934|934|und|0|1
field_collection_item|field_serverspecificatie|0|937|937|und|0|2
field_collection_item|field_serverspecificatie|0|939|939|und|0|4
field_collection_item|field_serverspecificatie|0|943|943|und|0|4
field_collection_item|field_serverspecificatie|0|949|949|und|0|2
field_collection_item|field_serverspecificatie|0|953|953|und|0|2
field_collection_item|field_serverspecificatie|0|957|957|und|0|2
field_collection_item|field_serverspecificatie|0|961|961|und|0|4
field_collection_item|field_serverspecificatie|0|965|965|und|0|4
field_collection_item|field_serverspecificatie|0|970|970|und|0|2
field_collection_item|field_serverspecificatie|0|972|972|und|0|2
field_collection_item|field_serverspecificatie|0|976|976|und|0|2
field_collection_item|field_serverspecificatie|0|979|979|und|0|2
field_collection_item|field_serverspecificatie|0|981|981|und|0|2
field_collection_item|field_serverspecificatie|0|984|984|und|0|2
field_collection_item|field_serverspecificatie|0|987|987|und|0|2
field_collection_item|field_serverspecificatie|0|989|989|und|0|1
field_collection_item|field_serverspecificatie|0|994|994|und|0|2
field_collection_item|field_serverspecificatie|0|999|999|und|0|2
field_collection_item|field_serverspecificatie|0|1004|1004|und|0|2
field_collection_item|field_serverspecificatie|0|1009|1009|und|0|4
field_collection_item|field_serverspecificatie|0|1014|1014|und|0|4
field_collection_item|field_serverspecificatie|0|1019|1019|und|0|4
field_collection_item|field_serverspecificatie|0|1024|1024|und|0|4
field_collection_item|field_serverspecificatie|0|1026|1026|und|0|1
field_collection_item|field_serverspecificatie|0|1028|1028|und|0|1
field_collection_item|field_serverspecificatie|0|1030|1030|und|0|2
field_collection_item|field_serverspecificatie|0|1032|1032|und|0|2
field_collection_item|field_serverspecificatie|0|1035|1035|und|0|4
field_collection_item|field_serverspecificatie|0|1038|1038|und|0|2
field_collection_item|field_serverspecificatie|0|1041|1041|und|0|2
field_collection_item|field_serverspecificatie|0|1044|1044|und|0|2
field_collection_item|field_serverspecificatie|0|1047|1047|und|0|2
field_collection_item|field_serverspecificatie|0|1050|1050|und|0|2
field_collection_item|field_serverspecificatie|0|1055|1055|und|0|1
field_collection_item|field_serverspecificatie|0|1058|1058|und|0|6
field_collection_item|field_serverspecificatie|0|1060|1060|und|0|4
field_collection_item|field_serverspecificatie|0|1063|1063|und|0|4
field_collection_item|field_serverspecificatie|0|1066|1066|und|0|2
field_collection_item|field_serverspecificatie|0|1071|1071|und|0|4
field_collection_item|field_serverspecificatie|0|1076|1076|und|0|4
field_collection_item|field_serverspecificatie|0|1079|1079|und|0|4
field_collection_item|field_serverspecificatie|0|1084|1084|und|0|2
field_collection_item|field_serverspecificatie|0|1086|1086|und|0|2
field_collection_item|field_serverspecificatie|0|1088|1088|und|0|2
field_collection_item|field_serverspecificatie|0|1093|1093|und|0|8
field_collection_item|field_serverspecificatie|0|1096|1096|und|0|2
field_collection_item|field_serverspecificatie|0|1098|1098|und|0|2
field_collection_item|field_serverspecificatie|0|1101|1101|und|0|2
field_collection_item|field_serverspecificatie|0|1105|1105|und|0|2
field_collection_item|field_serverspecificatie|0|1107|1107|und|0|2
field_collection_item|field_serverspecificatie|0|1109|1109|und|0|4
field_collection_item|field_serverspecificatie|0|1113|1113|und|0|4
field_collection_item|field_serverspecificatie|0|1117|1117|und|0|1
field_collection_item|field_serverspecificatie|0|1120|1120|und|0|1
field_collection_item|field_serverspecificatie|0|1123|1123|und|0|2
field_collection_item|field_serverspecificatie|0|1125|1125|und|0|1
field_collection_item|field_serverspecificatie|0|1130|1130|und|0|2
field_collection_item|field_serverspecificatie|0|1132|1132|und|0|4
field_collection_item|field_serverspecificatie|0|1137|1137|und|0|1
field_collection_item|field_serverspecificatie|0|1140|1140|und|0|1
field_collection_item|field_serverspecificatie|0|1142|1142|und|0|4
field_collection_item|field_serverspecificatie|0|1146|1146|und|0|4
field_collection_item|field_serverspecificatie|0|1150|1150|und|0|1
field_collection_item|field_serverspecificatie|0|1152|1152|und|0|4
field_collection_item|field_serverspecificatie|0|1156|1156|und|0|4
field_collection_item|field_serverspecificatie|0|1160|1160|und|0|4
field_collection_item|field_serverspecificatie|0|1163|1163|und|0|2
field_collection_item|field_serverspecificatie|0|1166|1166|und|0|2
field_collection_item|field_serverspecificatie|0|1169|1169|und|0|2
field_collection_item|field_serverspecificatie|0|1172|1172|und|0|5
field_collection_item|field_serverspecificatie|0|1174|1174|und|0|4
field_collection_item|field_serverspecificatie|0|1179|1179|und|0|4
field_collection_item|field_serverspecificatie|0|1183|1183|und|0|2
field_collection_item|field_serverspecificatie|0|1185|1185|und|0|2
field_collection_item|field_serverspecificatie|0|1187|1187|und|0|2
field_collection_item|field_serverspecificatie|0|1189|1189|und|0|2
field_collection_item|field_serverspecificatie|0|1193|1193|und|0|2
field_collection_item|field_serverspecificatie|0|1195|1195|und|0|8
field_collection_item|field_serverspecificatie|0|1199|1199|und|0|4
field_collection_item|field_serverspecificatie|0|1201|1201|und|0|4
field_collection_item|field_serverspecificatie|0|1205|1205|und|0|2
field_collection_item|field_serverspecificatie|0|1208|1208|und|0|2
field_collection_item|field_serverspecificatie|0|1211|1211|und|0|2
field_collection_item|field_serverspecificatie|0|1214|1214|und|0|1
field_collection_item|field_serverspecificatie|0|1218|1218|und|0|2
field_collection_item|field_serverspecificatie|0|1221|1221|und|0|2
field_collection_item|field_serverspecificatie|0|1224|1224|und|0|1
field_collection_item|field_serverspecificatie|0|1227|1227|und|0|2
field_collection_item|field_serverspecificatie|0|1229|1229|und|0|4
field_collection_item|field_serverspecificatie|0|1232|1232|und|0|4
field_collection_item|field_serverspecificatie|0|1235|1235|und|0|4
field_collection_item|field_serverspecificatie|0|1240|1240|und|0|4
field_collection_item|field_serverspecificatie|0|1243|1243|und|0|4
field_collection_item|field_serverspecificatie|0|1246|1246|und|0|2
field_collection_item|field_serverspecificatie|0|1249|1249|und|0|2
field_collection_item|field_serverspecificatie|0|1252|1252|und|0|2
field_collection_item|field_serverspecificatie|0|1256|1256|und|0|4
field_collection_item|field_serverspecificatie|0|1259|1259|und|0|4
field_collection_item|field_serverspecificatie|0|1262|1262|und|0|2
field_collection_item|field_serverspecificatie|0|1274|1274|und|0|2
field_collection_item|field_serverspecificatie|0|1276|1276|und|0|1
field_collection_item|field_serverspecificatie|0|1278|1278|und|0|1
field_collection_item|field_serverspecificatie|0|1282|1282|und|0|4
field_collection_item|field_serverspecificatie|0|1285|1285|und|0|4
field_collection_item|field_serverspecificatie|0|1288|1288|und|0|4
field_collection_item|field_serverspecificatie|0|1291|1291|und|0|4
field_collection_item|field_serverspecificatie|0|1294|1294|und|0|2
field_collection_item|field_serverspecificatie|0|1296|1296|und|0|4
field_collection_item|field_serverspecificatie|0|1299|1299|und|0|2
field_collection_item|field_serverspecificatie|0|1301|1301|und|0|2
field_collection_item|field_serverspecificatie|0|1303|1303|und|0|4
field_collection_item|field_serverspecificatie|0|1305|1305|und|0|4
field_collection_item|field_serverspecificatie|0|1312|1312|und|0|1
field_collection_item|field_serverspecificatie|0|1315|1315|und|0|4
field_collection_item|field_serverspecificatie|0|1318|1318|und|0|1
field_collection_item|field_serverspecificatie|0|1321|1321|und|0|2
field_collection_item|field_serverspecificatie|0|1324|1324|und|0|2
field_collection_item|field_serverspecificatie|0|1327|1327|und|0|3
field_collection_item|field_serverspecificatie|0|1330|1330|und|0|4
field_collection_item|field_serverspecificatie|0|1333|1333|und|0|2
field_collection_item|field_serverspecificatie|0|1335|1335|und|0|16
field_collection_item|field_serverspecificatie|0|1342|1342|und|0|4
field_collection_item|field_serverspecificatie|0|1345|1345|und|0|2
field_collection_item|field_serverspecificatie|0|1348|1348|und|0|2
field_collection_item|field_serverspecificatie|0|1351|1351|und|0|2
field_collection_item|field_serverspecificatie|0|1354|1354|und|0|4
field_collection_item|field_serverspecificatie|0|1360|1360|und|0|2
field_collection_item|field_serverspecificatie|0|1363|1363|und|0|2
field_collection_item|field_serverspecificatie|0|1365|1365|und|0|2
field_collection_item|field_serverspecificatie|0|1369|1369|und|0|2
field_collection_item|field_serverspecificatie|0|1371|1371|und|0|4
field_collection_item|field_serverspecificatie|0|1375|1375|und|0|2
field_collection_item|field_serverspecificatie|0|1381|1381|und|0|4
field_collection_item|field_serverspecificatie|0|1385|1385|und|0|4
field_collection_item|field_serverspecificatie|0|1389|1389|und|0|4
field_collection_item|field_serverspecificatie|0|1393|1393|und|0|4
field_collection_item|field_serverspecificatie|0|1397|1397|und|0|4
field_collection_item|field_serverspecificatie|0|1401|1401|und|0|4
field_collection_item|field_serverspecificatie|0|1405|1405|und|0|2
field_collection_item|field_serverspecificatie|0|1410|1410|und|0|8
field_collection_item|field_serverspecificatie|0|1414|1414|und|0|8
field_collection_item|field_serverspecificatie|0|1416|1416|und|0|2
field_collection_item|field_serverspecificatie|0|1420|1420|und|0|1
field_collection_item|field_serverspecificatie|0|1423|1423|und|0|1
field_collection_item|field_serverspecificatie|0|1426|1426|und|0|2
field_collection_item|field_serverspecificatie|0|1429|1429|und|0|2
field_collection_item|field_serverspecificatie|0|1432|1432|und|0|4
field_collection_item|field_serverspecificatie|0|1435|1435|und|0|2
field_collection_item|field_serverspecificatie|0|1437|1437|und|0|2
field_collection_item|field_serverspecificatie|0|1439|1439|und|0|4
field_collection_item|field_serverspecificatie|0|1448|1448|und|0|4
field_collection_item|field_serverspecificatie|0|1450|1450|und|0|2
field_collection_item|field_serverspecificatie|0|1452|1452|und|0|2
field_collection_item|field_serverspecificatie|0|1454|1454|und|0|1
field_collection_item|field_serverspecificatie|0|1457|1457|und|0|2
field_collection_item|field_serverspecificatie|0|1459|1459|und|0|4
field_collection_item|field_serverspecificatie|0|1463|1463|und|0|2
field_collection_item|field_serverspecificatie|0|1466|1466|und|0|2
field_collection_item|field_serverspecificatie|0|1469|1469|und|0|2
field_collection_item|field_serverspecificatie|0|1471|1471|und|0|2
field_collection_item|field_serverspecificatie|0|1474|1474|und|0|5
field_collection_item|field_serverspecificatie|0|1477|1477|und|0|2
field_collection_item|field_serverspecificatie|0|1481|1481|und|0|2
field_collection_item|field_serverspecificatie|0|1484|1484|und|0|5
field_collection_item|field_serverspecificatie|0|1487|1487|und|0|2
field_collection_item|field_serverspecificatie|0|1489|1489|und|0|1
field_collection_item|field_serverspecificatie|0|1493|1493|und|0|2
field_collection_item|field_serverspecificatie|0|1498|1498|und|0|2
field_collection_item|field_serverspecificatie|0|1501|1501|und|0|4
field_collection_item|field_serverspecificatie|0|1504|1504|und|0|1
field_collection_item|field_serverspecificatie|0|1507|1507|und|0|2
field_collection_item|field_serverspecificatie|0|1510|1510|und|0|2
field_collection_item|field_serverspecificatie|0|1517|1517|und|0|1
field_collection_item|field_serverspecificatie|0|1519|1519|und|0|1
field_collection_item|field_serverspecificatie|0|1521|1521|und|0|2
field_collection_item|field_serverspecificatie|0|1523|1523|und|0|2
field_collection_item|field_serverspecificatie|0|1525|1525|und|0|2
field_collection_item|field_serverspecificatie|0|1527|1527|und|0|2
field_collection_item|field_serverspecificatie|0|1529|1529|und|0|2
field_collection_item|field_serverspecificatie|0|1531|1531|und|0|16
field_collection_item|field_serverspecificatie|0|1534|1534|und|0|2
field_collection_item|field_serverspecificatie|0|1538|1538|und|0|4
field_collection_item|field_serverspecificatie|0|1542|1542|und|0|4
field_collection_item|field_serverspecificatie|0|1545|1545|und|0|4
field_collection_item|field_serverspecificatie|0|1547|1547|und|0|4
field_collection_item|field_serverspecificatie|0|1549|1549|und|0|4
field_collection_item|field_serverspecificatie|0|1551|1551|und|0|4
field_collection_item|field_serverspecificatie|0|1553|1553|und|0|4
field_collection_item|field_serverspecificatie|0|1555|1555|und|0|4
field_collection_item|field_serverspecificatie|0|1560|1560|und|0|2
field_collection_item|field_serverspecificatie|0|1562|1562|und|0|16
field_collection_item|field_serverspecificatie|0|1566|1566|und|0|1
field_collection_item|field_serverspecificatie|0|1570|1570|und|0|2
field_collection_item|field_serverspecificatie|0|1574|1574|und|0|1
field_collection_item|field_serverspecificatie|0|1578|1578|und|0|2
field_collection_item|field_serverspecificatie|0|1582|1582|und|0|2
field_collection_item|field_serverspecificatie|0|1586|1586|und|0|8
field_collection_item|field_serverspecificatie|0|1590|1590|und|0|8
field_collection_item|field_serverspecificatie|0|1594|1594|und|0|2
field_collection_item|field_serverspecificatie|0|1596|1596|und|0|4
field_collection_item|field_serverspecificatie|0|1598|1598|und|0|4
field_collection_item|field_serverspecificatie|0|1600|1600|und|0|4
field_collection_item|field_serverspecificatie|0|1602|1602|und|0|4
field_collection_item|field_serverspecificatie|0|1604|1604|und|0|4
field_collection_item|field_serverspecificatie|0|1608|1608|und|0|2
field_collection_item|field_serverspecificatie|0|1610|1610|und|0|2
field_collection_item|field_serverspecificatie|0|1612|1612|und|0|2
field_collection_item|field_serverspecificatie|0|1614|1614|und|0|2
field_collection_item|field_serverspecificatie|0|1616|1616|und|0|2
field_collection_item|field_serverspecificatie|0|1618|1618|und|0|2
field_collection_item|field_serverspecificatie|0|1620|1620|und|0|2
field_collection_item|field_serverspecificatie|0|1624|1624|und|0|1
field_collection_item|field_serverspecificatie|0|1627|1627|und|0|1
field_collection_item|field_serverspecificatie|0|1630|1630|und|0|1
field_collection_item|field_serverspecificatie|0|1633|1633|und|0|1
field_collection_item|field_serverspecificatie|0|1636|1636|und|0|2
field_collection_item|field_serverspecificatie|0|1638|1638|und|0|1
field_collection_item|field_serverspecificatie|0|1641|1641|und|0|4
field_collection_item|field_serverspecificatie|0|1644|1644|und|0|2
field_collection_item|field_serverspecificatie|0|1646|1646|und|0|2
field_collection_item|field_serverspecificatie|0|1650|1650|und|0|1
field_collection_item|field_serverspecificatie|0|1653|1653|und|0|1
field_collection_item|field_serverspecificatie|0|1656|1656|und|0|1
field_collection_item|field_serverspecificatie|0|1659|1659|und|0|1
field_collection_item|field_serverspecificatie|0|1661|1661|und|0|2
field_collection_item|field_serverspecificatie|0|1663|1663|und|0|2
field_collection_item|field_serverspecificatie|0|1665|1665|und|0|2
field_collection_item|field_serverspecificatie|0|1668|1668|und|0|5
field_collection_item|field_serverspecificatie|0|1671|1671|und|0|2
field_collection_item|field_serverspecificatie|0|1674|1674|und|0|2
field_collection_item|field_serverspecificatie|0|1677|1677|und|0|2
field_collection_item|field_serverspecificatie|0|1679|1679|und|0|1
field_collection_item|field_serverspecificatie|0|1682|1682|und|0|1
field_collection_item|field_serverspecificatie|0|1684|1684|und|0|2
field_collection_item|field_serverspecificatie|0|1686|1686|und|0|2
field_collection_item|field_serverspecificatie|0|1688|1688|und|0|2
field_collection_item|field_serverspecificatie|0|1691|1691|und|0|2
field_collection_item|field_serverspecificatie|0|1693|1693|und|0|4
field_collection_item|field_serverspecificatie|0|1695|1695|und|0|2
field_collection_item|field_serverspecificatie|0|1700|1700|und|0|2
field_collection_item|field_serverspecificatie|0|1703|1703|und|0|2
field_collection_item|field_serverspecificatie|0|1705|1705|und|0|2
field_collection_item|field_serverspecificatie|0|1707|1707|und|0|2
field_collection_item|field_serverspecificatie|0|1710|1710|und|0|2
field_collection_item|field_serverspecificatie|0|1713|1713|und|0|2
field_collection_item|field_serverspecificatie|0|1716|1716|und|0|2
field_collection_item|field_serverspecificatie|0|1719|1719|und|0|2
field_collection_item|field_serverspecificatie|0|1721|1721|und|0|2
field_collection_item|field_serverspecificatie|0|1724|1724|und|0|2
field_collection_item|field_serverspecificatie|0|1727|1727|und|0|2
field_collection_item|field_serverspecificatie|0|1730|1730|und|0|1
field_collection_item|field_serverspecificatie|0|1732|1732|und|0|1
field_collection_item|field_serverspecificatie|0|1734|1734|und|0|2
field_collection_item|field_serverspecificatie|0|1737|1737|und|0|5
field_collection_item|field_serverspecificatie|0|1740|1740|und|0|2
field_collection_item|field_serverspecificatie|0|1743|1743|und|0|2
field_collection_item|field_serverspecificatie|0|1746|1746|und|0|1
field_collection_item|field_serverspecificatie|0|1750|1750|und|0|2
field_collection_item|field_serverspecificatie|0|1753|1753|und|0|5
field_collection_item|field_serverspecificatie|0|1756|1756|und|0|2
field_collection_item|field_serverspecificatie|0|1759|1759|und|0|1
field_collection_item|field_serverspecificatie|0|1762|1762|und|0|2
field_collection_item|field_serverspecificatie|0|1764|1764|und|0|2
field_collection_item|field_serverspecificatie|0|1767|1767|und|0|1
field_collection_item|field_serverspecificatie|0|1773|1773|und|0|1
field_collection_item|field_serverspecificatie|0|1776|1776|und|0|2
field_collection_item|field_serverspecificatie|0|1779|1779|und|0|2
field_collection_item|field_serverspecificatie|0|1782|1782|und|0|2
field_collection_item|field_serverspecificatie|0|1785|1785|und|0|5
field_collection_item|field_serverspecificatie|0|1788|1788|und|0|2
field_collection_item|field_serverspecificatie|0|1791|1791|und|0|2
field_collection_item|field_serverspecificatie|0|1794|1794|und|0|2
field_collection_item|field_serverspecificatie|0|1797|1797|und|0|2
field_collection_item|field_serverspecificatie|0|1800|1800|und|0|1
field_collection_item|field_serverspecificatie|0|1806|1806|und|0|1
field_collection_item|field_serverspecificatie|0|1811|1811|und|0|1
field_collection_item|field_serverspecificatie|0|1813|1813|und|0|1
field_collection_item|field_serverspecificatie|0|1816|1816|und|0|16
field_collection_item|field_serverspecificatie|0|1819|1819|und|0|1
field_collection_item|field_serverspecificatie|0|1823|1823|und|0|2
field_collection_item|field_serverspecificatie|0|1831|1831|und|0|2
field_collection_item|field_serverspecificatie|0|1834|1834|und|0|1
field_collection_item|field_serverspecificatie|0|1836|1836|und|0|1
field_collection_item|field_serverspecificatie|0|1842|1842|und|0|8
field_collection_item|field_serverspecificatie|0|1844|1844|und|0|1
field_collection_item|field_serverspecificatie|0|1848|1848|und|0|1
field_collection_item|field_serverspecificatie|0|1850|1850|und|0|2
field_collection_item|field_serverspecificatie|0|1856|1856|und|0|2
field_collection_item|field_serverspecificatie|0|1858|1858|und|0|2
field_collection_item|field_serverspecificatie|0|1861|1861|und|0|2
field_collection_item|field_serverspecificatie|0|1865|1865|und|0|2
field_collection_item|field_serverspecificatie|0|1867|1867|und|0|2
field_collection_item|field_serverspecificatie|0|1871|1871|und|0|1
field_collection_item|field_serverspecificatie|0|1874|1874|und|0|1
field_collection_item|field_serverspecificatie|0|1879|1879|und|0|2
field_collection_item|field_serverspecificatie|0|1883|1883|und|0|2
field_collection_item|field_serverspecificatie|0|1885|1885|und|0|2
field_collection_item|field_serverspecificatie|0|1887|1887|und|0|2
field_collection_item|field_serverspecificatie|0|1889|1889|und|0|2
field_collection_item|field_serverspecificatie|0|1891|1891|und|0|2
field_collection_item|field_serverspecificatie|0|1895|1895|und|0|1
field_collection_item|field_serverspecificatie|0|1899|1899|und|0|3
field_collection_item|field_serverspecificatie|0|1902|1902|und|0|1
field_collection_item|field_serverspecificatie|0|1905|1905|und|0|1
field_collection_item|field_serverspecificatie|0|1911|1911|und|0|1
field_collection_item|field_serverspecificatie|0|1915|1915|und|0|1
field_collection_item|field_serverspecificatie|0|1918|1918|und|0|1
field_collection_item|field_serverspecificatie|0|1922|1922|und|0|1
field_collection_item|field_serverspecificatie|0|1924|1924|und|0|1
field_collection_item|field_serverspecificatie|0|1927|1927|und|0|2
field_collection_item|field_serverspecificatie|0|1930|1930|und|0|2
field_collection_item|field_serverspecificatie|0|1932|1932|und|0|2
field_collection_item|field_serverspecificatie|0|1934|1934|und|0|2
field_collection_item|field_serverspecificatie|0|1937|1937|und|0|16
field_collection_item|field_serverspecificatie|0|1940|1940|und|0|8
field_collection_item|field_serverspecificatie|0|1942|1942|und|0|2
field_collection_item|field_serverspecificatie|0|1945|1945|und|0|2
field_collection_item|field_serverspecificatie|0|1947|1947|und|0|2
field_collection_item|field_serverspecificatie|0|1956|1956|und|0|2
field_collection_item|field_serverspecificatie|0|1963|1963|und|0|1
field_collection_item|field_serverspecificatie|0|1965|1965|und|0|1
field_collection_item|field_serverspecificatie|0|1967|1967|und|0|2
field_collection_item|field_serverspecificatie|0|1969|1969|und|0|2
field_collection_item|field_serverspecificatie|0|1971|1971|und|0|2
field_collection_item|field_serverspecificatie|0|1974|1974|und|0|4
field_collection_item|field_serverspecificatie|0|1977|1977|und|0|2
field_collection_item|field_serverspecificatie|0|1979|1979|und|0|2
field_collection_item|field_serverspecificatie|0|1982|1982|und|0|2
field_collection_item|field_serverspecificatie|0|1990|1990|und|0|2
field_collection_item|field_serverspecificatie|0|1993|1993|und|0|1
field_collection_item|field_serverspecificatie|0|1997|1997|und|0|4
field_collection_item|field_serverspecificatie|0|2000|2000|und|0|4
field_collection_item|field_serverspecificatie|0|2003|2003|und|0|4
field_collection_item|field_serverspecificatie|0|2006|2006|und|0|2
field_collection_item|field_serverspecificatie|0|2009|2009|und|0|2
field_collection_item|field_serverspecificatie|0|2012|2012|und|0|2
field_collection_item|field_serverspecificatie|0|2016|2016|und|0|2
field_collection_item|field_serverspecificatie|0|2019|2019|und|0|2
field_collection_item|field_serverspecificatie|0|2021|2021|und|0|2
field_collection_item|field_serverspecificatie|0|2023|2023|und|0|2
field_collection_item|field_serverspecificatie|0|2027|2027|und|0|2
field_collection_item|field_serverspecificatie|0|2029|2029|und|0|2
field_collection_item|field_serverspecificatie|0|2032|2032|und|0|2
field_collection_item|field_serverspecificatie|0|2035|2035|und|0|4
field_collection_item|field_serverspecificatie|0|2038|2038|und|0|2
field_collection_item|field_serverspecificatie|0|2041|2041|und|0|2
field_collection_item|field_serverspecificatie|0|2044|2044|und|0|3
field_collection_item|field_serverspecificatie|0|2047|2047|und|0|2
field_collection_item|field_serverspecificatie|0|2050|2050|und|0|2
field_collection_item|field_serverspecificatie|0|2053|2053|und|0|2
field_collection_item|field_serverspecificatie|0|2056|2056|und|0|4
field_collection_item|field_serverspecificatie|0|2059|2059|und|0|4
field_collection_item|field_serverspecificatie|0|2061|2061|und|0|2
field_collection_item|field_serverspecificatie|0|2064|2064|und|0|2
field_collection_item|field_serverspecificatie|0|2068|2068|und|0|4
field_collection_item|field_serverspecificatie|0|2071|2071|und|0|2
field_collection_item|field_serverspecificatie|0|2073|2073|und|0|2
field_collection_item|field_serverspecificatie|0|2076|2076|und|0|2
field_collection_item|field_serverspecificatie|0|2080|2080|und|0|4
field_collection_item|field_serverspecificatie|0|2082|2082|und|0|2
field_collection_item|field_serverspecificatie|0|2086|2086|und|0|2
field_collection_item|field_serverspecificatie|0|2092|2092|und|0|2
field_collection_item|field_serverspecificatie|0|2096|2096|und|0|2
field_collection_item|field_serverspecificatie|0|2098|2098|und|0|2
field_collection_item|field_serverspecificatie|0|2102|2102|und|0|2
field_collection_item|field_serverspecificatie|0|2105|2105|und|0|2
field_collection_item|field_serverspecificatie|0|2108|2108|und|0|2
field_collection_item|field_serverspecificatie|0|2111|2111|und|0|2
field_collection_item|field_serverspecificatie|0|2114|2114|und|0|2
field_collection_item|field_serverspecificatie|0|2120|2120|und|0|2
field_collection_item|field_serverspecificatie|0|2123|2123|und|0|4
field_collection_item|field_serverspecificatie|0|2126|2126|und|0|4
field_collection_item|field_serverspecificatie|0|2129|2129|und|0|4
field_collection_item|field_serverspecificatie|0|2131|2131|und|0|4
field_collection_item|field_serverspecificatie|0|2134|2134|und|0|4
field_collection_item|field_serverspecificatie|0|2138|2138|und|0|4
field_collection_item|field_serverspecificatie|0|2140|2140|und|0|2
field_collection_item|field_serverspecificatie|0|2143|2143|und|0|2
field_collection_item|field_serverspecificatie|0|2146|2146|und|0|2
field_collection_item|field_serverspecificatie|0|2149|2149|und|0|2
field_collection_item|field_serverspecificatie|0|2152|2152|und|0|2
field_collection_item|field_serverspecificatie|0|2155|2155|und|0|2
field_collection_item|field_serverspecificatie|0|2158|2158|und|0|2
field_collection_item|field_serverspecificatie|0|2161|2161|und|0|2
field_collection_item|field_serverspecificatie|0|2165|2165|und|0|8
field_collection_item|field_serverspecificatie|0|2168|2168|und|0|8
field_collection_item|field_serverspecificatie|0|2171|2171|und|0|8
field_collection_item|field_serverspecificatie|0|2174|2174|und|0|8
field_collection_item|field_serverspecificatie|0|2177|2177|und|0|8
field_collection_item|field_serverspecificatie|0|2180|2180|und|0|8
field_collection_item|field_serverspecificatie|0|2182|2182|und|0|2
field_collection_item|field_serverspecificatie|0|2186|2186|und|0|3
field_collection_item|field_serverspecificatie|0|2189|2189|und|0|2
field_collection_item|field_serverspecificatie|0|2195|2195|und|0|2
field_collection_item|field_serverspecificatie|0|2197|2197|und|0|2
field_collection_item|field_serverspecificatie|0|2199|2199|und|0|2
field_collection_item|field_serverspecificatie|0|2203|2203|und|0|1
field_collection_item|field_serverspecificatie|0|2210|2210|und|0|2
field_collection_item|field_serverspecificatie|0|2220|2220|und|0|2
field_collection_item|field_serverspecificatie|0|2223|2223|und|0|2
field_collection_item|field_serverspecificatie|0|2226|2226|und|0|2
field_collection_item|field_serverspecificatie|0|2232|2232|und|0|2
field_collection_item|field_serverspecificatie|0|2234|2234|und|0|2
field_collection_item|field_serverspecificatie|0|2237|2237|und|0|2
field_collection_item|field_serverspecificatie|0|2240|2240|und|0|2
field_collection_item|field_serverspecificatie|0|2243|2243|und|0|2
field_collection_item|field_serverspecificatie|0|2246|2246|und|0|2
field_collection_item|field_serverspecificatie|0|2249|2249|und|0|2
field_collection_item|field_serverspecificatie|0|2252|2252|und|0|2
field_collection_item|field_serverspecificatie|0|2260|2260|und|0|2
field_collection_item|field_serverspecificatie|0|2263|2263|und|0|2
field_collection_item|field_serverspecificatie|0|2266|2266|und|0|2
field_collection_item|field_serverspecificatie|0|2269|2269|und|0|4
field_collection_item|field_serverspecificatie|0|2272|2272|und|0|2
field_collection_item|field_serverspecificatie|0|2275|2275|und|0|2
field_collection_item|field_serverspecificatie|0|2278|2278|und|0|2
field_collection_item|field_serverspecificatie|0|2281|2281|und|0|2
field_collection_item|field_serverspecificatie|0|2285|2285|und|0|2
field_collection_item|field_serverspecificatie|0|2287|2287|und|0|4
field_collection_item|field_serverspecificatie|0|2290|2290|und|0|2
field_collection_item|field_serverspecificatie|0|2293|2293|und|0|2
field_collection_item|field_serverspecificatie|0|2296|2296|und|0|2
field_collection_item|field_serverspecificatie|0|2302|2302|und|0|2
field_collection_item|field_serverspecificatie|0|2305|2305|und|0|8
field_collection_item|field_serverspecificatie|0|2308|2308|und|0|4
field_collection_item|field_serverspecificatie|0|2310|2310|und|0|2
field_collection_item|field_serverspecificatie|0|2312|2312|und|0|2
field_collection_item|field_serverspecificatie|0|2315|2315|und|0|2
field_collection_item|field_serverspecificatie|0|2318|2318|und|0|2
field_collection_item|field_serverspecificatie|0|2321|2321|und|0|2
field_collection_item|field_serverspecificatie|0|2325|2325|und|0|2
field_collection_item|field_serverspecificatie|0|2328|2328|und|0|2
field_collection_item|field_serverspecificatie|0|2334|2334|und|0|2
field_collection_item|field_serverspecificatie|0|2336|2336|und|0|2
field_collection_item|field_serverspecificatie|0|2339|2339|und|0|2
field_collection_item|field_serverspecificatie|0|2342|2342|und|0|2
field_collection_item|field_serverspecificatie|0|2345|2345|und|0|2
field_collection_item|field_serverspecificatie|0|2348|2348|und|0|2
field_collection_item|field_serverspecificatie|0|2350|2350|und|0|2
field_collection_item|field_serverspecificatie|0|2354|2354|und|0|2
field_collection_item|field_serverspecificatie|0|2356|2356|und|0|2
field_collection_item|field_serverspecificatie|0|2363|2363|und|0|4
field_collection_item|field_serverspecificatie|0|2381|2381|und|0|1
field_collection_item|field_serverspecificatie|0|2385|2385|und|0|1
field_collection_item|field_serverspecificatie|0|2389|2389|und|0|3
field_collection_item|field_serverspecificatie|0|2392|2392|und|0|1
field_collection_item|field_serverspecificatie|0|2396|2396|und|0|2
field_collection_item|field_serverspecificatie|0|2398|2398|und|0|2
field_collection_item|field_serverspecificatie|0|2400|2400|und|0|2
field_collection_item|field_serverspecificatie|0|2406|2406|und|0|2
field_collection_item|field_serverspecificatie|0|2408|2408|und|0|2
field_collection_item|field_serverspecificatie|0|2410|2410|und|0|2
field_collection_item|field_serverspecificatie|0|2412|2412|und|0|2
field_collection_item|field_serverspecificatie|0|2414|2414|und|0|2
field_collection_item|field_serverspecificatie|0|2416|2416|und|0|2
field_collection_item|field_serverspecificatie|0|2420|2420|und|0|2
field_collection_item|field_serverspecificatie|0|2422|2422|und|0|2
field_collection_item|field_serverspecificatie|0|2426|2426|und|0|2
field_collection_item|field_serverspecificatie|0|2432|2432|und|0|2
field_collection_item|field_serverspecificatie|0|2438|2438|und|0|2
field_collection_item|field_serverspecificatie|0|2440|2440|und|0|16
field_collection_item|field_serverspecificatie|0|2443|2443|und|0|2
field_collection_item|field_serverspecificatie|0|2445|2445|und|0|2
field_collection_item|field_serverspecificatie|0|2451|2451|und|0|2
field_collection_item|field_serverspecificatie|0|2455|2455|und|0|1
field_collection_item|field_serverspecificatie|0|2457|2457|und|0|2
field_collection_item|field_serverspecificatie|0|2463|2463|und|0|2
field_collection_item|field_serverspecificatie|0|2465|2465|und|0|2
field_collection_item|field_serverspecificatie|0|2470|2470|und|0|2
field_collection_item|field_serverspecificatie|0|2473|2473|und|0|4
field_collection_item|field_serverspecificatie|0|2475|2475|und|0|4
field_collection_item|field_serverspecificatie|0|2477|2477|und|0|4
field_collection_item|field_serverspecificatie|0|2479|2479|und|0|6
field_collection_item|field_serverspecificatie|0|2481|2481|und|0|2
field_collection_item|field_serverspecificatie|0|2487|2487|und|0|2
field_collection_item|field_serverspecificatie|0|2489|2489|und|0|2
field_collection_item|field_serverspecificatie|0|2501|2501|und|0|2
field_collection_item|field_serverspecificatie|0|2503|2503|und|0|2
field_collection_item|field_serverspecificatie|0|2507|2507|und|0|2
field_collection_item|field_serverspecificatie|0|2513|2513|und|0|2
field_collection_item|field_serverspecificatie|0|2517|2517|und|0|2
field_collection_item|field_serverspecificatie|0|2519|2519|und|0|2
field_collection_item|field_serverspecificatie|0|2523|2523|und|0|2
field_collection_item|field_serverspecificatie|0|2525|2525|und|0|2
field_collection_item|field_serverspecificatie|0|2529|2529|und|0|2
field_collection_item|field_serverspecificatie|0|2532|2532|und|0|2
field_collection_item|field_serverspecificatie|0|2534|2534|und|0|4
field_collection_item|field_serverspecificatie|0|2536|2536|und|0|8
field_collection_item|field_serverspecificatie|0|2538|2538|und|0|4
field_collection_item|field_serverspecificatie|0|2540|2540|und|0|2
field_collection_item|field_serverspecificatie|0|2543|2543|und|0|2
field_collection_item|field_serverspecificatie|0|2545|2545|und|0|2
field_collection_item|field_serverspecificatie|0|2549|2549|und|0|2
field_collection_item|field_serverspecificatie|0|2552|2552|und|0|2
field_collection_item|field_serverspecificatie|0|2555|2555|und|0|2
field_collection_item|field_serverspecificatie|0|2558|2558|und|0|2
field_collection_item|field_serverspecificatie|0|2562|2562|und|0|2
field_collection_item|field_serverspecificatie|0|2564|2564|und|0|4
field_collection_item|field_serverspecificatie|0|2568|2568|und|0|4
field_collection_item|field_serverspecificatie|0|2575|2575|und|0|2
field_collection_item|field_serverspecificatie|0|2578|2578|und|0|2
field_collection_item|field_serverspecificatie|0|2581|2581|und|0|2
field_collection_item|field_serverspecificatie|0|2592|2592|und|0|2
field_collection_item|field_serverspecificatie|0|2595|2595|und|0|2
field_collection_item|field_serverspecificatie|0|2597|2597|und|0|4
field_collection_item|field_serverspecificatie|0|2600|2600|und|0|8
field_collection_item|field_serverspecificatie|0|2604|2604|und|0|2
field_collection_item|field_serverspecificatie|0|2607|2607|und|0|4
field_collection_item|field_serverspecificatie|0|2610|2610|und|0|8
field_collection_item|field_serverspecificatie|0|2613|2613|und|0|2
field_collection_item|field_serverspecificatie|0|2615|2615|und|0|4
field_collection_item|field_serverspecificatie|0|2621|2621|und|0|2
field_collection_item|field_serverspecificatie|0|2623|2623|und|0|8
field_collection_item|field_serverspecificatie|0|2625|2625|und|0|4
field_collection_item|field_serverspecificatie|0|2628|2628|und|0|2
field_collection_item|field_serverspecificatie|0|2631|2631|und|0|4
field_collection_item|field_serverspecificatie|0|2634|2634|und|0|2
field_collection_item|field_serverspecificatie|0|2637|2637|und|0|4
