node|aanvraag|0|26185|26185|und|0|36|1|
node|aanvraag|0|26193|26193|und|0|38|1|
node|aanvraag|0|26283|26283|und|0|43|1|
node|aanvraag|0|26302|26302|und|0|57|1|
node|aanvraag|0|26307|26307|und|0|53|1|
node|aanvraag|0|26310|26310|und|0|58|1|
node|aanvraag|0|26506|26506|und|0|66|1|
node|aanvraag|0|26507|26507|und|0|69|1|
node|aanvraag|0|26595|26595|und|0|74|1|
node|aanvraag|0|26627|26627|und|0|73|1|
node|aanvraag|0|26814|26814|und|0|107|1|
node|aanvraag|0|27833|27833|und|0|123|1|
node|aanvraag|0|30529|30529|und|0|136|1|
node|aanvraag|0|30673|30673|und|0|137|1|
node|aanvraag|0|30859|30859|und|0|140|1|
node|aanvraag|0|35862|35862|und|0|180|1|
node|aanvraag|0|36887|36887|und|0|231|1|
node|aanvraag|0|36888|36888|und|0|227|1|
node|aanvraag|0|37071|37071|und|0|249|1|
node|aanvraag|0|37077|37077|und|0|254|1|
node|aanvraag|0|37896|37896|und|0|346|1|
node|aanvraag|0|38113|38113|und|0|361|1|
node|aanvraag|0|38181|38181|und|0|369|1|
node|aanvraag|0|38192|38192|und|0|372|1|
node|aanvraag|0|38207|38207|und|0|379|1|
node|aanvraag|0|38282|38282|und|0|381|1|
node|aanvraag|0|38303|38303|und|0|389|1|
node|aanvraag|0|38437|38437|und|0|398|1|
node|aanvraag|0|38582|38582|und|0|411|1|
node|aanvraag|0|39009|39009|und|0|450|1|
node|aanvraag|0|39014|39014|und|0|457|1|
node|aanvraag|0|39042|39042|und|0|463|1|
node|aanvraag|0|39345|39345|und|0|504|1|
node|aanvraag|0|39352|39352|und|0|507|1|
node|aanvraag|0|39370|39370|und|0|511|1|
node|aanvraag|0|39425|39425|und|0|519|1|
node|aanvraag|0|39611|39611|und|0|539|1|
node|aanvraag|0|39775|39775|und|0|546|1|
node|aanvraag|0|39836|39836|und|0|555|1|
node|aanvraag|0|39914|39914|und|0|558|1|
node|aanvraag|0|40355|40355|und|0|590|1|
node|aanvraag|0|40600|40600|und|0|621|1|
node|aanvraag|0|40625|40625|und|0|628|1|
node|aanvraag|0|41162|41162|und|0|695|1|
node|aanvraag|0|41172|41172|und|0|710|1|
node|aanvraag|0|41173|41173|und|0|713|1|
node|aanvraag|0|41185|41185|und|0|722|1|
node|aanvraag|0|41187|41187|und|0|727|1|
node|aanvraag|0|41194|41194|und|0|742|1|
node|aanvraag|0|41195|41195|und|0|744|1|
node|aanvraag|0|41196|41196|und|0|746|1|
node|aanvraag|0|41201|41201|und|0|756|1|
node|aanvraag|0|41202|41202|und|0|760|1|
node|aanvraag|0|41205|41205|und|0|772|1|
node|aanvraag|0|41217|41217|und|0|796|1|
node|aanvraag|0|41220|41220|und|0|801|1|
node|aanvraag|0|41222|41222|und|0|949|1|
node|aanvraag|0|41230|41230|und|0|815|1|
node|aanvraag|0|41232|41232|und|0|819|1|
node|aanvraag|0|41234|41234|und|0|830|1|
node|aanvraag|0|41237|41237|und|0|837|1|
node|aanvraag|0|41242|41242|und|0|847|1|
node|aanvraag|0|41243|41243|und|0|850|1|
node|aanvraag|0|41244|41244|und|0|852|1|
node|aanvraag|0|41247|41247|und|0|857|1|
node|aanvraag|0|41252|41252|und|0|865|1|
node|aanvraag|0|41258|41258|und|0|874|1|
node|aanvraag|0|41259|41259|und|0|876|1|
node|aanvraag|0|41286|41286|und|0|936|1|
node|aanvraag|0|41287|41287|und|0|939|1|
node|aanvraag|0|41288|41288|und|0|942|1|
node|aanvraag|0|41289|41289|und|0|945|1|
node|aanvraag|0|41292|41292|und|0|952|1|
node|aanvraag|0|41295|41295|und|0|957|1|
node|aanvraag|0|41297|41297|und|0|962|1|
node|aanvraag|0|41301|41301|und|0|973|1|
node|aanvraag|0|41308|41308|und|0|993|1|
node|aanvraag|0|41316|41316|und|0|1020|1|
