node|aanvraag|0|26185|26185|und|0|58|58
node|aanvraag|0|26185|26185|und|1|61|61
node|aanvraag|0|26185|26185|und|2|64|64
node|aanvraag|0|26283|26283|und|0|70|70
node|aanvraag|0|26307|26307|und|0|81|81
node|aanvraag|0|26514|26514|und|0|110|110
node|aanvraag|0|26728|26728|und|0|115|115
node|aanvraag|0|26814|26814|und|0|119|119
node|aanvraag|0|27017|27017|und|0|133|133
node|aanvraag|0|27077|27077|und|0|135|135
node|aanvraag|0|27192|27192|und|0|158|158
node|aanvraag|0|27229|27229|und|0|172|172
node|aanvraag|0|27443|27443|und|0|194|194
node|aanvraag|0|27464|27464|und|0|200|200
node|aanvraag|0|27631|27631|und|0|231|231
node|aanvraag|0|27833|27833|und|0|252|252
node|aanvraag|0|28701|28701|und|0|295|295
node|aanvraag|0|28758|28758|und|0|311|311
node|aanvraag|0|29122|29122|und|0|341|341
node|aanvraag|0|29329|29329|und|0|366|366
node|aanvraag|0|29659|29659|und|0|432|432
node|aanvraag|0|29981|29981|und|0|468|468
node|aanvraag|0|30125|30125|und|0|476|476
node|aanvraag|0|30249|30249|und|0|485|485
node|aanvraag|0|30283|30283|und|0|495|495
node|aanvraag|0|30331|30331|und|0|498|498
node|aanvraag|0|30488|30488|und|0|505|505
node|aanvraag|0|30488|30488|und|1|555|555
node|aanvraag|0|30537|30537|und|0|514|514
node|aanvraag|0|30541|30541|und|0|517|517
node|aanvraag|0|30606|30606|und|0|524|524
node|aanvraag|0|30667|30667|und|0|531|531
node|aanvraag|0|30667|30667|und|1|533|533
node|aanvraag|0|30667|30667|und|2|535|535
node|aanvraag|0|30667|30667|und|3|537|537
node|aanvraag|0|30667|30667|und|4|539|539
node|aanvraag|0|30667|30667|und|5|541|541
node|aanvraag|0|30667|30667|und|6|543|543
node|aanvraag|0|30668|30668|und|0|545|545
node|aanvraag|0|30672|30672|und|0|548|548
node|aanvraag|0|30673|30673|und|0|550|550
node|aanvraag|0|30859|30859|und|0|558|558
node|aanvraag|0|31079|31079|und|0|571|571
node|aanvraag|0|31079|31079|und|1|574|574
node|aanvraag|0|31126|31126|und|0|585|585
node|aanvraag|0|31126|31126|und|1|587|587
node|aanvraag|0|31126|31126|und|2|589|589
node|aanvraag|0|31126|31126|und|3|591|591
node|aanvraag|0|31265|31265|und|0|634|634
node|aanvraag|0|33000|33000|und|0|644|644
node|aanvraag|0|35057|35057|und|0|650|650
node|aanvraag|0|35057|35057|und|1|653|653
node|aanvraag|0|35134|35134|und|0|670|670
node|aanvraag|0|35135|35135|und|0|672|672
node|aanvraag|0|35175|35175|und|0|676|676
node|aanvraag|0|35176|35176|und|0|679|679
node|aanvraag|0|35177|35177|und|0|682|682
node|aanvraag|0|35273|35273|und|0|690|690
node|aanvraag|0|35280|35280|und|0|694|694
node|aanvraag|0|35367|35367|und|0|714|714
node|aanvraag|0|35367|35367|und|1|717|717
node|aanvraag|0|35368|35368|und|0|720|720
node|aanvraag|0|35473|35473|und|0|825|825
node|aanvraag|0|35513|35513|und|0|754|754
node|aanvraag|0|35569|35569|und|0|775|775
node|aanvraag|0|35613|35613|und|0|781|781
node|aanvraag|0|35660|35660|und|0|792|792
node|aanvraag|0|35671|35671|und|0|798|798
node|aanvraag|0|35830|35830|und|0|827|827
node|aanvraag|0|35854|35854|und|0|836|836
node|aanvraag|0|35862|35862|und|0|840|840
node|aanvraag|0|35930|35930|und|0|853|853
node|aanvraag|0|35930|35930|und|1|855|855
node|aanvraag|0|35947|35947|und|0|857|857
node|aanvraag|0|35947|35947|und|1|861|861
node|aanvraag|0|36019|36019|und|0|876|876
node|aanvraag|0|36166|36166|und|0|888|888
node|aanvraag|0|36202|36202|und|0|893|893
node|aanvraag|0|36271|36271|und|0|917|917
node|aanvraag|0|36271|36271|und|1|933|933
node|aanvraag|0|36521|36521|und|0|938|938
node|aanvraag|0|36522|36522|und|0|942|942
node|aanvraag|0|36654|36654|und|0|971|971
node|aanvraag|0|36749|36749|und|0|980|980
node|aanvraag|0|36887|36887|und|0|1025|1025
node|aanvraag|0|36987|36987|und|0|1054|1054
node|aanvraag|0|37071|37071|und|0|1059|1059
node|aanvraag|0|37071|37071|und|1|1062|1062
node|aanvraag|0|37071|37071|und|2|1065|1065
node|aanvraag|0|37071|37071|und|3|1070|1070
node|aanvraag|0|37329|37329|und|0|1097|1097
node|aanvraag|0|37354|37354|und|0|1100|1100
node|aanvraag|0|37417|37417|und|0|1106|1106
node|aanvraag|0|37437|37437|und|0|1108|1108
node|aanvraag|0|37438|37438|und|0|1112|1112
node|aanvraag|0|37509|37509|und|0|1129|1129
node|aanvraag|0|37543|37543|und|0|1131|1131
node|aanvraag|0|37582|37582|und|0|1141|1141
node|aanvraag|0|37583|37583|und|0|1145|1145
node|aanvraag|0|37608|37608|und|0|1151|1151
node|aanvraag|0|37626|37626|und|0|1155|1155
node|aanvraag|0|37679|37679|und|0|1173|1173
node|aanvraag|0|37679|37679|und|1|1176|1176
node|aanvraag|0|37680|37680|und|0|1178|1178
node|aanvraag|0|37714|37714|und|0|1184|1184
node|aanvraag|0|37719|37719|und|0|1188|1188
node|aanvraag|0|37790|37790|und|0|1194|1194
node|aanvraag|0|37790|37790|und|1|1200|1200
node|aanvraag|0|37831|37831|und|0|1204|1204
node|aanvraag|0|37831|37831|und|1|1207|1207
node|aanvraag|0|37831|37831|und|2|1210|1210
node|aanvraag|0|37840|37840|und|0|1213|1213
node|aanvraag|0|37896|37896|und|0|1228|1228
node|aanvraag|0|37897|37897|und|0|1231|1231
node|aanvraag|0|37898|37898|und|0|1234|1234
node|aanvraag|0|37916|37916|und|0|1239|1239
node|aanvraag|0|37916|37916|und|1|1242|1242
node|aanvraag|0|37916|37916|und|2|1245|1245
node|aanvraag|0|37916|37916|und|3|1248|1248
node|aanvraag|0|37916|37916|und|4|1251|1251
node|aanvraag|0|38136|38136|und|0|1275|1275
node|aanvraag|0|38157|38157|und|0|1277|1277
node|aanvraag|0|38181|38181|und|0|1281|1281
node|aanvraag|0|38181|38181|und|1|1284|1284
node|aanvraag|0|38181|38181|und|2|1287|1287
node|aanvraag|0|38181|38181|und|3|1290|1290
node|aanvraag|0|38197|38197|und|0|1295|1295
node|aanvraag|0|38205|38205|und|0|1298|1298
node|aanvraag|0|38206|38206|und|0|1300|1300
node|aanvraag|0|38207|38207|und|0|1302|1302
node|aanvraag|0|38236|38236|und|0|1304|1304
node|aanvraag|0|38303|38303|und|0|1334|1334
node|aanvraag|0|38557|38557|und|0|1425|1425
node|aanvraag|0|38557|38557|und|1|1428|1428
node|aanvraag|0|38557|38557|und|2|1431|1431
node|aanvraag|0|38579|38579|und|0|1364|1364
node|aanvraag|0|38694|38694|und|0|1370|1370
node|aanvraag|0|38732|38732|und|0|1374|1374
node|aanvraag|0|38760|38760|und|0|1380|1380
node|aanvraag|0|38761|38761|und|0|1384|1384
node|aanvraag|0|38763|38763|und|0|1388|1388
node|aanvraag|0|38763|38763|und|1|1392|1392
node|aanvraag|0|38763|38763|und|2|1396|1396
node|aanvraag|0|38763|38763|und|3|1400|1400
node|aanvraag|0|38763|38763|und|4|1404|1404
node|aanvraag|0|38764|38764|und|0|1409|1409
node|aanvraag|0|38766|38766|und|0|1415|1415
node|aanvraag|0|38834|38834|und|0|1419|1419
node|aanvraag|0|38834|38834|und|1|1422|1422
node|aanvraag|0|39009|39009|und|0|1453|1453
node|aanvraag|0|39014|39014|und|0|1458|1458
node|aanvraag|0|39092|39092|und|0|1470|1470
node|aanvraag|0|39092|39092|und|1|1473|1473
node|aanvraag|0|39092|39092|und|2|1476|1476
node|aanvraag|0|39133|39133|und|0|1488|1488
node|aanvraag|0|39162|39162|und|0|1492|1492
node|aanvraag|0|39342|39342|und|0|1520|1520
node|aanvraag|0|39343|39343|und|0|1524|1524
node|aanvraag|0|39344|39344|und|0|1526|1526
node|aanvraag|0|39345|39345|und|0|1530|1530
node|aanvraag|0|39351|39351|und|0|1557|1557
node|aanvraag|0|39352|39352|und|0|1533|1533
node|aanvraag|0|39370|39370|und|0|1537|1537
node|aanvraag|0|39414|39414|und|0|1546|1546
node|aanvraag|0|39414|39414|und|1|1548|1548
node|aanvraag|0|39425|39425|und|0|1554|1554
node|aanvraag|0|39456|39456|und|0|1561|1561
node|aanvraag|0|39465|39465|und|0|1569|1569
node|aanvraag|0|39479|39479|und|0|1595|1595
node|aanvraag|0|39495|39495|und|0|1607|1607
node|aanvraag|0|39495|39495|und|1|1609|1609
node|aanvraag|0|39495|39495|und|2|1611|1611
node|aanvraag|0|39495|39495|und|3|1613|1613
node|aanvraag|0|39495|39495|und|4|1615|1615
node|aanvraag|0|39609|39609|und|0|1619|1619
node|aanvraag|0|39777|39777|und|0|1637|1637
node|aanvraag|0|39813|39813|und|0|1640|1640
node|aanvraag|0|39833|39833|und|0|1645|1645
node|aanvraag|0|39914|39914|und|0|1660|1660
node|aanvraag|0|39921|39921|und|0|1664|1664
node|aanvraag|0|39921|39921|und|1|1667|1667
node|aanvraag|0|39921|39921|und|2|1670|1670
node|aanvraag|0|39964|39964|und|0|1683|1683
node|aanvraag|0|40064|40064|und|0|1692|1692
node|aanvraag|0|40070|40070|und|0|1694|1694
node|aanvraag|0|40149|40149|und|0|1706|1706
node|aanvraag|0|40150|40150|und|0|1709|1709
node|aanvraag|0|40151|40151|und|0|1712|1712
node|aanvraag|0|40152|40152|und|0|1715|1715
node|aanvraag|0|40292|40292|und|0|1723|1723
node|aanvraag|0|40298|40298|und|0|1726|1726
node|aanvraag|0|40314|40314|und|0|1733|1733
node|aanvraag|0|40314|40314|und|1|1736|1736
node|aanvraag|0|40314|40314|und|2|1739|1739
node|aanvraag|0|40351|40351|und|0|1742|1742
node|aanvraag|0|40355|40355|und|0|1745|1745
node|aanvraag|0|40360|40360|und|0|1749|1749
node|aanvraag|0|40360|40360|und|1|1752|1752
node|aanvraag|0|40360|40360|und|2|1755|1755
node|aanvraag|0|40369|40369|und|0|1758|1758
node|aanvraag|0|40387|40387|und|0|1761|1761
node|aanvraag|0|40396|40396|und|0|1763|1763
node|aanvraag|0|40450|40450|und|0|1766|1766
node|aanvraag|0|40450|40450|und|1|1772|1772
node|aanvraag|0|40450|40450|und|2|1799|1799
node|aanvraag|0|40453|40453|und|0|1775|1775
node|aanvraag|0|40453|40453|und|1|1778|1778
node|aanvraag|0|40453|40453|und|2|1781|1781
node|aanvraag|0|40453|40453|und|3|1784|1784
node|aanvraag|0|40453|40453|und|4|1787|1787
node|aanvraag|0|40453|40453|und|5|1790|1790
node|aanvraag|0|40453|40453|und|6|1793|1793
node|aanvraag|0|40454|40454|und|0|1796|1796
node|aanvraag|0|40464|40464|und|0|1805|1805
node|aanvraag|0|40540|40540|und|0|1812|1812
node|aanvraag|0|40600|40600|und|0|1815|1815
node|aanvraag|0|40615|40615|und|0|1818|1818
node|aanvraag|0|40656|40656|und|0|1822|1822
node|aanvraag|0|40674|40674|und|0|1830|1830
node|aanvraag|0|40730|40730|und|0|1843|1843
node|aanvraag|0|40792|40792|und|0|1849|1849
node|aanvraag|0|40803|40803|und|0|1857|1857
node|aanvraag|0|40836|40836|und|0|1860|1860
node|aanvraag|0|40856|40856|und|0|1866|1866
node|aanvraag|0|40870|40870|und|0|1870|1870
node|aanvraag|0|40871|40871|und|0|1873|1873
node|aanvraag|0|40917|40917|und|0|1892|1892
node|aanvraag|0|40918|40918|und|0|1884|1884
node|aanvraag|0|40918|40918|und|1|1886|1886
node|aanvraag|0|40918|40918|und|2|1888|1888
node|aanvraag|0|40918|40918|und|3|1890|1890
node|aanvraag|0|40943|40943|und|0|1894|1894
node|aanvraag|0|40966|40966|und|0|1898|1898
node|aanvraag|0|41029|41029|und|0|1901|1901
node|aanvraag|0|41079|41079|und|0|1904|1904
node|aanvraag|0|41079|41079|und|1|1914|1914
node|aanvraag|0|41079|41079|und|2|1917|1917
node|aanvraag|0|41106|41106|und|0|1923|1923
node|aanvraag|0|41107|41107|und|0|1926|1926
node|aanvraag|0|41117|41117|und|0|1929|1929
node|aanvraag|0|41119|41119|und|0|1933|1933
node|aanvraag|0|41153|41153|und|0|1936|1936
node|aanvraag|0|41160|41160|und|0|1941|1941
node|aanvraag|0|41162|41162|und|0|1944|1944
node|aanvraag|0|41163|41163|und|0|1946|1946
node|aanvraag|0|41163|41163|und|1|1951|1951
node|aanvraag|0|41165|41165|und|0|1962|1962
node|aanvraag|0|41165|41165|und|1|1964|1964
node|aanvraag|0|41170|41170|und|0|1978|1978
node|aanvraag|0|41171|41171|und|0|1981|1981
node|aanvraag|0|41172|41172|und|0|1989|1989
node|aanvraag|0|41173|41173|und|0|1992|1992
node|aanvraag|0|41178|41178|und|0|1996|1996
node|aanvraag|0|41180|41180|und|0|1999|1999
node|aanvraag|0|41181|41181|und|0|2002|2002
node|aanvraag|0|41184|41184|und|0|2005|2005
node|aanvraag|0|41185|41185|und|0|2008|2008
node|aanvraag|0|41186|41186|und|0|2011|2011
node|aanvraag|0|41190|41190|und|0|2022|2022
node|aanvraag|0|41193|41193|und|0|2028|2028
node|aanvraag|0|41193|41193|und|1|2031|2031
node|aanvraag|0|41193|41193|und|2|2034|2034
node|aanvraag|0|41194|41194|und|0|2037|2037
node|aanvraag|0|41195|41195|und|0|2040|2040
node|aanvraag|0|41196|41196|und|0|2043|2043
node|aanvraag|0|41196|41196|und|1|2046|2046
node|aanvraag|0|41196|41196|und|2|2049|2049
node|aanvraag|0|41196|41196|und|3|2052|2052
node|aanvraag|0|41198|41198|und|0|2055|2055
node|aanvraag|0|41199|41199|und|0|2058|2058
node|aanvraag|0|41200|41200|und|0|2060|2060
node|aanvraag|0|41204|41204|und|0|2072|2072
node|aanvraag|0|41204|41204|und|1|2075|2075
node|aanvraag|0|41207|41207|und|0|2081|2081
node|aanvraag|0|41207|41207|und|1|2085|2085
node|aanvraag|0|41208|41208|und|0|2097|2097
node|aanvraag|0|41210|41210|und|0|2101|2101
node|aanvraag|0|41210|41210|und|1|2104|2104
node|aanvraag|0|41211|41211|und|0|2107|2107
node|aanvraag|0|41211|41211|und|1|2110|2110
node|aanvraag|0|41211|41211|und|2|2113|2113
node|aanvraag|0|41213|41213|und|0|2130|2130
node|aanvraag|0|41213|41213|und|1|2133|2133
node|aanvraag|0|41214|41214|und|0|2139|2139
node|aanvraag|0|41214|41214|und|1|2142|2142
node|aanvraag|0|41214|41214|und|2|2145|2145
node|aanvraag|0|41214|41214|und|3|2148|2148
node|aanvraag|0|41214|41214|und|4|2151|2151
node|aanvraag|0|41214|41214|und|5|2154|2154
node|aanvraag|0|41214|41214|und|6|2157|2157
node|aanvraag|0|41214|41214|und|7|2160|2160
node|aanvraag|0|41214|41214|und|8|2183|2183
node|aanvraag|0|41215|41215|und|0|2181|2181
node|aanvraag|0|41216|41216|und|0|2185|2185
node|aanvraag|0|41217|41217|und|0|2188|2188
node|aanvraag|0|41219|41219|und|0|2198|2198
node|aanvraag|0|41219|41219|und|1|2202|2202
node|aanvraag|0|41220|41220|und|0|2209|2209
node|aanvraag|0|41222|41222|und|0|2219|2219
node|aanvraag|0|41222|41222|und|1|2222|2222
node|aanvraag|0|41222|41222|und|2|2225|2225
node|aanvraag|0|41223|41223|und|0|2233|2233
node|aanvraag|0|41223|41223|und|1|2236|2236
node|aanvraag|0|41223|41223|und|2|2239|2239
node|aanvraag|0|41223|41223|und|3|2242|2242
node|aanvraag|0|41223|41223|und|4|2245|2245
node|aanvraag|0|41223|41223|und|5|2248|2248
node|aanvraag|0|41223|41223|und|6|2251|2251
node|aanvraag|0|41223|41223|und|7|2254|2254
node|aanvraag|0|41223|41223|und|8|2256|2256
node|aanvraag|0|41224|41224|und|0|2259|2259
node|aanvraag|0|41225|41225|und|0|2262|2262
node|aanvraag|0|41226|41226|und|0|2265|2265
node|aanvraag|0|41230|41230|und|0|2268|2268
node|aanvraag|0|41231|41231|und|0|2271|2271
node|aanvraag|0|41232|41232|und|0|2274|2274
node|aanvraag|0|41232|41232|und|1|2277|2277
node|aanvraag|0|41233|41233|und|0|2280|2280
node|aanvraag|0|41234|41234|und|0|2286|2286
node|aanvraag|0|41235|41235|und|0|2289|2289
node|aanvraag|0|41236|41236|und|0|2292|2292
node|aanvraag|0|41237|41237|und|0|2295|2295
node|aanvraag|0|41238|41238|und|0|2301|2301
node|aanvraag|0|41239|41239|und|0|2304|2304
node|aanvraag|0|41241|41241|und|0|2311|2311
node|aanvraag|0|41241|41241|und|1|2314|2314
node|aanvraag|0|41241|41241|und|2|2317|2317
node|aanvraag|0|41242|41242|und|0|2320|2320
node|aanvraag|0|41243|41243|und|0|2335|2335
node|aanvraag|0|41243|41243|und|1|2338|2338
node|aanvraag|0|41243|41243|und|2|2341|2341
node|aanvraag|0|41244|41244|und|0|2344|2344
node|aanvraag|0|41246|41246|und|0|2349|2349
node|aanvraag|0|41247|41247|und|0|2355|2355
node|aanvraag|0|41249|41249|und|0|2362|2362
node|aanvraag|0|41251|41251|und|0|2380|2380
node|aanvraag|0|41251|41251|und|1|2384|2384
node|aanvraag|0|41251|41251|und|2|2388|2388
node|aanvraag|0|41251|41251|und|3|2391|2391
node|aanvraag|0|41252|41252|und|0|2395|2395
node|aanvraag|0|41255|41255|und|0|2399|2399
node|aanvraag|0|41256|41256|und|0|2407|2407
node|aanvraag|0|41257|41257|und|0|2411|2411
node|aanvraag|0|41258|41258|und|0|2415|2415
node|aanvraag|0|41258|41258|und|1|2427|2427
node|aanvraag|0|41259|41259|und|0|2421|2421
node|aanvraag|0|41260|41260|und|0|2431|2431
node|aanvraag|0|41262|41262|und|0|2439|2439
node|aanvraag|0|41263|41263|und|0|2442|2442
node|aanvraag|0|41266|41266|und|0|2444|2444
node|aanvraag|0|41270|41270|und|0|2456|2456
node|aanvraag|0|41271|41271|und|0|2464|2464
node|aanvraag|0|41272|41272|und|0|2469|2469
node|aanvraag|0|41273|41273|und|0|2472|2472
node|aanvraag|0|41277|41277|und|0|2480|2480
node|aanvraag|0|41278|41278|und|0|2488|2488
node|aanvraag|0|41281|41281|und|0|2502|2502
node|aanvraag|0|41283|41283|und|0|2510|2510
node|aanvraag|0|41286|41286|und|0|2512|2512
node|aanvraag|0|41287|41287|und|0|2518|2518
node|aanvraag|0|41288|41288|und|0|2524|2524
node|aanvraag|0|41292|41292|und|0|2544|2544
node|aanvraag|0|41293|41293|und|0|2548|2548
node|aanvraag|0|41294|41294|und|0|2551|2551
node|aanvraag|0|41295|41295|und|0|2554|2554
node|aanvraag|0|41297|41297|und|0|2557|2557
node|aanvraag|0|41298|41298|und|0|2563|2563
node|aanvraag|0|41299|41299|und|0|2567|2567
node|aanvraag|0|41301|41301|und|0|2574|2574
node|aanvraag|0|41302|41302|und|0|2577|2577
node|aanvraag|0|41304|41304|und|0|2580|2580
node|aanvraag|0|41306|41306|und|0|2596|2596
node|aanvraag|0|41306|41306|und|1|2599|2599
node|aanvraag|0|41311|41311|und|0|2624|2624
node|aanvraag|0|41312|41312|und|0|2627|2627
node|aanvraag|0|41314|41314|und|0|2630|2630
node|aanvraag|0|41315|41315|und|0|2633|2633
node|aanvraag|0|41316|41316|und|0|2636|2636
