node|aanvraag|0|35830|35830|und|0|234|0|
node|aanvraag|0|36521|36521|und|0|200|0|
node|aanvraag|0|36522|36522|und|0|201|1|
node|aanvraag|0|36539|36539|und|0|205|0|
node|aanvraag|0|36654|36654|und|0|206|0|
node|aanvraag|0|36664|36664|und|0|209|0|
node|aanvraag|0|36714|36714|und|0|211|0|
node|aanvraag|0|36749|36749|und|0|213|1|
node|aanvraag|0|36750|36750|und|0|214|0|
node|aanvraag|0|36773|36773|und|0|215|0|
node|aanvraag|0|36774|36774|und|0|216|0|
node|aanvraag|0|36775|36775|und|0|217|0|
node|aanvraag|0|36776|36776|und|0|218|0|
node|aanvraag|0|36777|36777|und|0|219|1|
node|aanvraag|0|36778|36778|und|0|220|0|
node|aanvraag|0|36779|36779|und|0|221|0|
node|aanvraag|0|36887|36887|und|0|226|0|
node|aanvraag|0|36888|36888|und|0|228|1|
node|aanvraag|0|36889|36889|und|0|229|1|
node|aanvraag|0|36905|36905|und|0|256|0|
node|aanvraag|0|36987|36987|und|0|241|0|
node|aanvraag|0|37002|37002|und|0|243|0|
node|aanvraag|0|37071|37071|und|0|248|1|
node|aanvraag|0|37077|37077|und|0|253|0|
node|aanvraag|0|37322|37322|und|0|267|0|
node|aanvraag|0|37323|37323|und|0|272|0|
node|aanvraag|0|37329|37329|und|0|273|0|
node|aanvraag|0|37354|37354|und|0|277|0|
node|aanvraag|0|37370|37370|und|0|283|0|
node|aanvraag|0|37417|37417|und|0|284|0|
node|aanvraag|0|37437|37437|und|0|285|0|
node|aanvraag|0|37438|37438|und|0|286|0|
node|aanvraag|0|37439|37439|und|0|287|0|
node|aanvraag|0|37501|37501|und|0|288|0|
node|aanvraag|0|37509|37509|und|0|289|0|
node|aanvraag|0|37543|37543|und|0|292|0|
node|aanvraag|0|37565|37565|und|0|294|0|
node|aanvraag|0|37566|37566|und|0|295|0|
node|aanvraag|0|37582|37582|und|0|296|0|
node|aanvraag|0|37583|37583|und|0|297|0|
node|aanvraag|0|37592|37592|und|0|298|0|
node|aanvraag|0|37608|37608|und|0|299|0|
node|aanvraag|0|37626|37626|und|0|305|1|
node|aanvraag|0|37631|37631|und|0|308|0|
node|aanvraag|0|37664|37664|und|0|311|0|
node|aanvraag|0|37678|37678|und|0|312|0|
node|aanvraag|0|37679|37679|und|0|313|1|
node|aanvraag|0|37680|37680|und|0|314|1|
node|aanvraag|0|37701|37701|und|0|317|0|
node|aanvraag|0|37714|37714|und|0|319|0|
node|aanvraag|0|37719|37719|und|0|324|0|
node|aanvraag|0|37736|37736|und|0|325|0|
node|aanvraag|0|37757|37757|und|0|326|0|
node|aanvraag|0|37789|37789|und|0|328|0|
node|aanvraag|0|37790|37790|und|0|329|0|
node|aanvraag|0|37792|37792|und|0|333|0|
node|aanvraag|0|37831|37831|und|0|335|0|
node|aanvraag|0|37838|37838|und|0|341|0|
node|aanvraag|0|37840|37840|und|0|338|0|
node|aanvraag|0|37895|37895|und|0|344|0|
node|aanvraag|0|37896|37896|und|0|345|0|
node|aanvraag|0|37897|37897|und|0|347|0|
node|aanvraag|0|37898|37898|und|0|349|0|
node|aanvraag|0|37916|37916|und|0|356|0|
node|aanvraag|0|37930|37930|und|0|359|0|
node|aanvraag|0|38113|38113|und|0|360|1|
node|aanvraag|0|38136|38136|und|0|365|0|
node|aanvraag|0|38157|38157|und|0|366|0|
node|aanvraag|0|38181|38181|und|0|368|0|
node|aanvraag|0|38192|38192|und|0|374|0|
node|aanvraag|0|38197|38197|und|0|375|0|
node|aanvraag|0|38205|38205|und|0|376|1|
node|aanvraag|0|38206|38206|und|0|377|0|
node|aanvraag|0|38207|38207|und|0|378|0|
node|aanvraag|0|38236|38236|und|0|380|0|
node|aanvraag|0|38282|38282|und|0|382|0|
node|aanvraag|0|38298|38298|und|0|385|0|
node|aanvraag|0|38303|38303|und|0|388|0|
node|aanvraag|0|38330|38330|und|0|390|0|
node|aanvraag|0|38437|38437|und|0|397|0|
node|aanvraag|0|38465|38465|und|0|394|0|
node|aanvraag|0|38491|38491|und|0|399|0|
node|aanvraag|0|38557|38557|und|0|405|0|
node|aanvraag|0|38560|38560|und|0|409|0|
node|aanvraag|0|38579|38579|und|0|410|0|
node|aanvraag|0|38582|38582|und|0|412|0|
node|aanvraag|0|38694|38694|und|0|416|1|
node|aanvraag|0|38732|38732|und|0|419|0|
node|aanvraag|0|38760|38760|und|0|420|0|
node|aanvraag|0|38761|38761|und|0|421|0|
node|aanvraag|0|38763|38763|und|0|430|0|
node|aanvraag|0|38764|38764|und|0|432|0|
node|aanvraag|0|38765|38765|und|0|437|0|
node|aanvraag|0|38766|38766|und|0|439|1|
node|aanvraag|0|38834|38834|und|0|440|0|
node|aanvraag|0|38944|38944|und|0|443|0|
node|aanvraag|0|38979|38979|und|0|444|0|
node|aanvraag|0|38991|38991|und|0|447|0|
node|aanvraag|0|38994|38994|und|0|449|0|
node|aanvraag|0|39009|39009|und|0|451|0|
node|aanvraag|0|39010|39010|und|0|453|0|
node|aanvraag|0|39014|39014|und|0|456|1|
node|aanvraag|0|39021|39021|und|0|458|0|
node|aanvraag|0|39042|39042|und|0|462|0|
node|aanvraag|0|39092|39092|und|0|469|0|
node|aanvraag|0|39120|39120|und|0|471|0|
node|aanvraag|0|39126|39126|und|0|486|0|
node|aanvraag|0|39133|39133|und|0|477|1|
node|aanvraag|0|39162|39162|und|0|481|1|
node|aanvraag|0|39165|39165|und|0|484|0|
node|aanvraag|0|39175|39175|und|0|487|0|
node|aanvraag|0|39228|39228|und|0|488|0|
node|aanvraag|0|39229|39229|und|0|489|0|
node|aanvraag|0|39237|39237|und|0|495|0|
node|aanvraag|0|39342|39342|und|0|496|1|
node|aanvraag|0|39343|39343|und|0|498|1|
node|aanvraag|0|39344|39344|und|0|500|1|
node|aanvraag|0|39345|39345|und|0|503|1|
node|aanvraag|0|39351|39351|und|0|506|0|
node|aanvraag|0|39352|39352|und|0|508|0|
node|aanvraag|0|39370|39370|und|0|509|1|
node|aanvraag|0|39377|39377|und|0|512|0|
node|aanvraag|0|39378|39378|und|0|513|0|
node|aanvraag|0|39414|39414|und|0|516|0|
node|aanvraag|0|39425|39425|und|0|518|0|
node|aanvraag|0|39456|39456|und|0|521|0|
node|aanvraag|0|39461|39461|und|0|522|0|
node|aanvraag|0|39465|39465|und|0|525|0|
node|aanvraag|0|39473|39473|und|0|527|0|
node|aanvraag|0|39479|39479|und|0|530|0|
node|aanvraag|0|39486|39486|und|0|532|0|
node|aanvraag|0|39495|39495|und|0|534|0|
node|aanvraag|0|39527|39527|und|0|535|0|
node|aanvraag|0|39609|39609|und|0|536|0|
node|aanvraag|0|39610|39610|und|0|537|0|
node|aanvraag|0|39611|39611|und|0|538|0|
node|aanvraag|0|39688|39688|und|0|540|0|
node|aanvraag|0|39699|39699|und|0|544|0|
node|aanvraag|0|39775|39775|und|0|545|0|
node|aanvraag|0|39777|39777|und|0|547|1|
node|aanvraag|0|39813|39813|und|0|551|0|
node|aanvraag|0|39816|39816|und|0|552|0|
node|aanvraag|0|39833|39833|und|0|553|0|
node|aanvraag|0|39836|39836|und|0|554|1|
node|aanvraag|0|39879|39879|und|0|556|0|
node|aanvraag|0|39914|39914|und|0|557|0|
node|aanvraag|0|39921|39921|und|0|561|0|
node|aanvraag|0|39945|39945|und|0|562|0|
node|aanvraag|0|39964|39964|und|0|563|0|
node|aanvraag|0|40014|40014|und|0|564|0|
node|aanvraag|0|40064|40064|und|0|566|0|
node|aanvraag|0|40070|40070|und|0|570|1|
node|aanvraag|0|40077|40077|und|0|572|1|
node|aanvraag|0|40148|40148|und|0|574|0|
node|aanvraag|0|40149|40149|und|0|575|0|
node|aanvraag|0|40150|40150|und|0|576|0|
node|aanvraag|0|40151|40151|und|0|577|0|
node|aanvraag|0|40152|40152|und|0|578|0|
node|aanvraag|0|40156|40156|und|0|579|0|
node|aanvraag|0|40185|40185|und|0|580|0|
node|aanvraag|0|40292|40292|und|0|582|0|
node|aanvraag|0|40298|40298|und|0|583|1|
node|aanvraag|0|40307|40307|und|0|585|0|
node|aanvraag|0|40314|40314|und|0|586|0|
node|aanvraag|0|40351|40351|und|0|588|0|
node|aanvraag|0|40355|40355|und|0|589|1|
node|aanvraag|0|40360|40360|und|0|592|0|
node|aanvraag|0|40369|40369|und|0|593|1|
node|aanvraag|0|40387|40387|und|0|596|0|
node|aanvraag|0|40396|40396|und|0|597|0|
node|aanvraag|0|40450|40450|und|0|611|0|
node|aanvraag|0|40453|40453|und|0|609|0|
node|aanvraag|0|40454|40454|und|0|610|0|
node|aanvraag|0|40464|40464|und|0|612|0|
node|aanvraag|0|40504|40504|und|0|613|1|
node|aanvraag|0|40540|40540|und|0|616|0|
node|aanvraag|0|40600|40600|und|0|620|1|
node|aanvraag|0|40615|40615|und|0|623|0|
node|aanvraag|0|40625|40625|und|0|629|0|
node|aanvraag|0|40632|40632|und|0|630|0|
node|aanvraag|0|40656|40656|und|0|631|1|
node|aanvraag|0|40666|40666|und|0|633|0|
node|aanvraag|0|40674|40674|und|0|634|1|
node|aanvraag|0|40690|40690|und|0|643|0|
node|aanvraag|0|40730|40730|und|0|644|0|
node|aanvraag|0|40792|40792|und|0|645|0|
node|aanvraag|0|40803|40803|und|0|646|1|
node|aanvraag|0|40836|40836|und|0|653|0|
node|aanvraag|0|40856|40856|und|0|655|0|
node|aanvraag|0|40870|40870|und|0|656|1|
node|aanvraag|0|40871|40871|und|0|658|1|
node|aanvraag|0|40907|40907|und|0|661|0|
node|aanvraag|0|40909|40909|und|0|662|0|
node|aanvraag|0|40917|40917|und|0|668|0|
node|aanvraag|0|40918|40918|und|0|669|0|
node|aanvraag|0|40943|40943|und|0|675|0|
node|aanvraag|0|40966|40966|und|0|676|0|
node|aanvraag|0|41029|41029|und|0|677|0|
node|aanvraag|0|41079|41079|und|0|679|0|
node|aanvraag|0|41106|41106|und|0|681|0|
node|aanvraag|0|41107|41107|und|0|682|0|
node|aanvraag|0|41117|41117|und|0|684|0|
node|aanvraag|0|41119|41119|und|0|685|0|
node|aanvraag|0|41153|41153|und|0|686|0|
node|aanvraag|0|41157|41157|und|0|689|1|
node|aanvraag|0|41160|41160|und|0|691|0|
node|aanvraag|0|41162|41162|und|0|696|0|
node|aanvraag|0|41163|41163|und|0|697|0|
node|aanvraag|0|41165|41165|und|0|702|0|
node|aanvraag|0|41167|41167|und|0|703|0|
node|aanvraag|0|41170|41170|und|0|704|0|
node|aanvraag|0|41171|41171|und|0|705|1|
node|aanvraag|0|41172|41172|und|0|711|0|
node|aanvraag|0|41173|41173|und|0|712|0|
node|aanvraag|0|41178|41178|und|0|714|1|
node|aanvraag|0|41180|41180|und|0|715|0|
node|aanvraag|0|41181|41181|und|0|718|0|
node|aanvraag|0|41184|41184|und|0|719|1|
node|aanvraag|0|41185|41185|und|0|723|1|
node|aanvraag|0|41186|41186|und|0|724|1|
node|aanvraag|0|41187|41187|und|0|726|1|
node|aanvraag|0|41188|41188|und|0|729|1|
node|aanvraag|0|41189|41189|und|0|732|0|
node|aanvraag|0|41190|41190|und|0|733|1|
node|aanvraag|0|41191|41191|und|0|736|1|
node|aanvraag|0|41193|41193|und|0|737|1|
node|aanvraag|0|41194|41194|und|0|741|1|
node|aanvraag|0|41195|41195|und|0|743|0|
node|aanvraag|0|41196|41196|und|0|745|1|
node|aanvraag|0|41198|41198|und|0|748|0|
node|aanvraag|0|41199|41199|und|0|750|0|
node|aanvraag|0|41200|41200|und|0|753|0|
node|aanvraag|0|41201|41201|und|0|757|0|
node|aanvraag|0|41202|41202|und|0|768|0|
node|aanvraag|0|41203|41203|und|0|764|0|
node|aanvraag|0|41204|41204|und|0|769|1|
node|aanvraag|0|41205|41205|und|0|771|0|
node|aanvraag|0|41207|41207|und|0|773|0|
node|aanvraag|0|41208|41208|und|0|775|1|
node|aanvraag|0|41210|41210|und|0|782|1|
node|aanvraag|0|41211|41211|und|0|784|1|
node|aanvraag|0|41212|41212|und|0|789|0|
node|aanvraag|0|41213|41213|und|0|790|0|
node|aanvraag|0|41214|41214|und|0|791|0|
node|aanvraag|0|41215|41215|und|0|793|0|
node|aanvraag|0|41216|41216|und|0|794|1|
node|aanvraag|0|41217|41217|und|0|797|0|
node|aanvraag|0|41218|41218|und|0|798|0|
node|aanvraag|0|41219|41219|und|0|799|0|
node|aanvraag|0|41220|41220|und|0|800|0|
node|aanvraag|0|41222|41222|und|0|803|1|
node|aanvraag|0|41223|41223|und|0|806|1|
node|aanvraag|0|41224|41224|und|0|808|0|
node|aanvraag|0|41225|41225|und|0|810|1|
node|aanvraag|0|41226|41226|und|0|812|0|
node|aanvraag|0|41230|41230|und|0|814|0|
node|aanvraag|0|41231|41231|und|0|820|0|
node|aanvraag|0|41232|41232|und|0|818|0|
node|aanvraag|0|41233|41233|und|0|823|1|
node|aanvraag|0|41234|41234|und|0|829|0|
node|aanvraag|0|41235|41235|und|0|831|0|
node|aanvraag|0|41236|41236|und|0|835|1|
node|aanvraag|0|41237|41237|und|0|836|0|
node|aanvraag|0|41238|41238|und|0|838|0|
node|aanvraag|0|41239|41239|und|0|839|0|
node|aanvraag|0|41240|41240|und|0|841|0|
node|aanvraag|0|41241|41241|und|0|845|0|
node|aanvraag|0|41242|41242|und|0|846|0|
node|aanvraag|0|41243|41243|und|0|849|0|
node|aanvraag|0|41244|41244|und|0|851|0|
node|aanvraag|0|41245|41245|und|0|853|0|
node|aanvraag|0|41246|41246|und|0|855|0|
node|aanvraag|0|41247|41247|und|0|856|1|
node|aanvraag|0|41249|41249|und|0|860|0|
node|aanvraag|0|41251|41251|und|0|863|0|
node|aanvraag|0|41252|41252|und|0|864|0|
node|aanvraag|0|41253|41253|und|0|869|0|
node|aanvraag|0|41255|41255|und|0|870|0|
node|aanvraag|0|41256|41256|und|0|871|0|
node|aanvraag|0|41257|41257|und|0|872|0|
node|aanvraag|0|41258|41258|und|0|873|0|
node|aanvraag|0|41259|41259|und|0|875|0|
node|aanvraag|0|41260|41260|und|0|877|0|
node|aanvraag|0|41261|41261|und|0|881|0|
node|aanvraag|0|41262|41262|und|0|882|0|
node|aanvraag|0|41263|41263|und|0|883|0|
node|aanvraag|0|41264|41264|und|0|886|0|
node|aanvraag|0|41265|41265|und|0|888|0|
node|aanvraag|0|41266|41266|und|0|890|0|
node|aanvraag|0|41267|41267|und|0|892|0|
node|aanvraag|0|41268|41268|und|0|893|0|
node|aanvraag|0|41269|41269|und|0|911|0|
node|aanvraag|0|41270|41270|und|0|898|0|
node|aanvraag|0|41271|41271|und|0|903|0|
node|aanvraag|0|41272|41272|und|0|904|0|
node|aanvraag|0|41273|41273|und|0|1181|0|
node|aanvraag|0|41274|41274|und|0|1180|0|
node|aanvraag|0|41275|41275|und|0|909|0|
node|aanvraag|0|41276|41276|und|0|914|0|
node|aanvraag|0|41277|41277|und|0|916|0|
node|aanvraag|0|41278|41278|und|0|918|0|
node|aanvraag|0|41279|41279|und|0|919|0|
node|aanvraag|0|41280|41280|und|0|922|0|
node|aanvraag|0|41281|41281|und|0|923|0|
node|aanvraag|0|41282|41282|und|0|927|0|
node|aanvraag|0|41283|41283|und|0|929|0|
node|aanvraag|0|41284|41284|und|0|931|0|
node|aanvraag|0|41285|41285|und|0|934|0|
node|aanvraag|0|41286|41286|und|0|935|1|
node|aanvraag|0|41287|41287|und|0|938|1|
node|aanvraag|0|41288|41288|und|0|941|1|
node|aanvraag|0|41289|41289|und|0|944|1|
node|aanvraag|0|41290|41290|und|0|947|0|
node|aanvraag|0|41291|41291|und|0|950|0|
node|aanvraag|0|41292|41292|und|0|951|0|
node|aanvraag|0|41293|41293|und|0|953|0|
node|aanvraag|0|41294|41294|und|0|954|0|
node|aanvraag|0|41295|41295|und|0|958|0|
node|aanvraag|0|41296|41296|und|0|960|0|
node|aanvraag|0|41297|41297|und|0|961|0|
node|aanvraag|0|41298|41298|und|0|966|0|
node|aanvraag|0|41299|41299|und|0|967|0|
node|aanvraag|0|41300|41300|und|0|971|0|
node|aanvraag|0|41301|41301|und|0|972|1|
node|aanvraag|0|41302|41302|und|0|975|0|
node|aanvraag|0|41303|41303|und|0|977|0|
node|aanvraag|0|41304|41304|und|0|981|0|
node|aanvraag|0|41305|41305|und|0|983|0|
node|aanvraag|0|41306|41306|und|0|985|0|
node|aanvraag|0|41307|41307|und|0|986|0|
node|aanvraag|0|41308|41308|und|0|992|0|
node|aanvraag|0|41309|41309|und|0|994|0|
node|aanvraag|0|41310|41310|und|0|996|0|
node|aanvraag|0|41311|41311|und|0|998|0|
node|aanvraag|0|41312|41312|und|0|999|1|
node|aanvraag|0|41313|41313|und|0|1002|0|
node|aanvraag|0|41314|41314|und|0|1015|0|
node|aanvraag|0|41315|41315|und|0|1017|0|
node|aanvraag|0|41316|41316|und|0|1080|0|
node|aanvraag|0|41317|41317|und|0|1022|0|
node|aanvraag|0|41318|41318|und|0|1059|0|
node|aanvraag|0|41319|41319|und|0|1029|0|
node|aanvraag|0|41320|41320|und|0|1048|0|
node|aanvraag|0|41321|41321|und|0|1057|0|
node|aanvraag|0|41322|41322|und|0|1032|0|
node|aanvraag|0|41323|41323|und|0|1034|0|
node|aanvraag|0|41325|41325|und|0|1056|0|
node|aanvraag|0|41326|41326|und|0|1037|0|
node|aanvraag|0|41327|41327|und|0|1041|1|
node|aanvraag|0|41328|41328|und|0|1047|0|
node|aanvraag|0|41329|41329|und|0|1061|0|
node|aanvraag|0|41330|41330|und|0|1062|0|
node|aanvraag|0|41331|41331|und|0|1066|0|
node|aanvraag|0|41332|41332|und|0|1067|0|
node|aanvraag|0|41337|41337|und|0|1068|0|
node|aanvraag|0|41339|41339|und|0|1070|0|
node|aanvraag|0|41340|41340|und|0|1072|1|
node|aanvraag|0|41341|41341|und|0|1073|0|
node|aanvraag|0|41342|41342|und|0|1074|0|
node|aanvraag|0|41343|41343|und|0|1078|0|
node|aanvraag|0|41344|41344|und|0|1076|0|
node|aanvraag|0|41346|41346|und|0|1081|0|
node|aanvraag|0|41347|41347|und|0|1085|0|
node|aanvraag|0|41348|41348|und|0|1088|0|
node|aanvraag|0|41349|41349|und|0|1091|0|
node|aanvraag|0|41350|41350|und|0|1094|0|
node|aanvraag|0|41351|41351|und|0|1095|0|
node|aanvraag|0|41352|41352|und|0|1098|0|
node|aanvraag|0|41353|41353|und|0|1099|0|
node|aanvraag|0|41354|41354|und|0|1100|0|
node|aanvraag|0|41355|41355|und|0|1101|0|
node|aanvraag|0|41356|41356|und|0|1103|0|
node|aanvraag|0|41357|41357|und|0|1106|1|
node|aanvraag|0|41358|41358|und|0|1108|0|
node|aanvraag|0|41359|41359|und|0|1117|1|
node|aanvraag|0|41360|41360|und|0|1120|1|
node|aanvraag|0|41361|41361|und|0|1122|0|
node|aanvraag|0|41362|41362|und|0|1123|0|
node|aanvraag|0|41363|41363|und|0|1125|0|
node|aanvraag|0|41364|41364|und|0|1129|0|
node|aanvraag|0|41365|41365|und|0|1130|0|
node|aanvraag|0|41366|41366|und|0|1192|0|
node|aanvraag|0|41367|41367|und|0|1191|0|
node|aanvraag|0|41368|41368|und|0|1133|0|
node|aanvraag|0|41369|41369|und|0|1138|0|
node|aanvraag|0|41370|41370|und|0|1140|0|
node|aanvraag|0|41371|41371|und|0|1179|0|
node|aanvraag|0|41372|41372|und|0|1146|0|
node|aanvraag|0|41373|41373|und|0|1147|0|
node|aanvraag|0|41375|41375|und|0|1151|0|
node|aanvraag|0|41376|41376|und|0|1159|0|
node|aanvraag|0|41377|41377|und|0|1160|0|
node|aanvraag|0|41379|41379|und|0|1184|0|
node|aanvraag|0|41380|41380|und|0|1183|0|
node|aanvraag|0|41381|41381|und|0|1196|0|
node|aanvraag|0|41382|41382|und|0|1174|0|
node|aanvraag|0|41383|41383|und|0|1178|1|
node|aanvraag|0|41384|41384|und|0|1185|0|
node|aanvraag|0|41385|41385|und|0|1186|0|
node|aanvraag|0|41386|41386|und|0|1198|0|
node|aanvraag|0|41387|41387|und|0|1199|1|
node|aanvraag|0|41388|41388|und|0|1203|0|
node|aanvraag|0|41389|41389|und|0|1206|0|
node|aanvraag|0|41390|41390|und|0|1207|0|
node|aanvraag|0|41391|41391|und|0|1209|0|
node|aanvraag|0|41392|41392|und|0|1211|0|
node|aanvraag|0|41393|41393|und|0|1213|0|
node|aanvraag|0|41394|41394|und|0|1215|1|
node|aanvraag|0|41395|41395|und|0|1216|0|
node|aanvraag|0|41396|41396|und|0|1218|0|
node|aanvraag|0|41397|41397|und|0|1221|0|
