node|servers|0|21358|21358|und|0|10.140.176.4|plain_text
node|servers|0|21360|21360|und|0|10.140.176.1|plain_text
node|servers|0|21361|21361|und|0|10.140.178.3|plain_text
node|servers|0|21362|21362|und|0|10.140.176.13|plain_text
node|servers|0|21363|21363|und|0|10.140.178.35|plain_text
node|servers|0|21364|21364|und|0|10.140.178.21|plain_text
node|servers|0|21365|21365|und|0|10.140.176.87|plain_text
node|servers|0|21366|21366|und|0|10.140.176.126|plain_text
node|servers|0|21367|21367|und|0|10.140.178.11|plain_text
node|servers|0|21368|21368|und|0|10.140.178.39|plain_text
node|servers|0|21369|21369|und|0|10.140.178.46|plain_text
node|servers|0|21370|21370|und|0|10.140.178.44|plain_text
node|servers|0|21371|21371|und|0|10.140.178.45|plain_text
node|servers|0|21372|21372|und|0|10.140.178.49|plain_text
node|servers|0|21373|21373|und|0|10.140.178.47|plain_text
node|servers|0|21374|21374|und|0|10.140.178.48|plain_text
node|servers|0|21375|21375|und|0|10.140.178.50|plain_text
node|servers|0|21376|21376|und|0|10.140.178.51|plain_text
node|servers|0|21377|21377|und|0|10.140.178.55|plain_text
node|servers|0|21378|21378|und|0|10.140.178.53|plain_text
node|servers|0|21379|21379|und|0|10.140.178.54|plain_text
node|servers|0|21380|21380|und|0|10.140.178.66|plain_text
node|servers|0|21381|21381|und|0|10.140.178.63|plain_text
node|servers|0|21382|21382|und|0|10.140.178.67|plain_text
node|servers|0|21383|21383|und|0|10.140.178.68|plain_text
node|servers|0|21384|21384|und|0|10.140.178.69|plain_text
node|servers|0|21385|21385|und|0|10.140.178.70|plain_text
node|servers|0|21386|21386|und|0|10.140.178.71|plain_text
node|servers|0|21387|21387|und|0|10.140.176.52|plain_text
node|servers|0|21388|21388|und|0|10.140.176.53|plain_text
node|servers|0|21389|21389|und|0|10.140.176.66|plain_text
node|servers|0|21390|21390|und|0|10.140.176.67|plain_text
node|servers|0|21391|21391|und|0|10.140.176.54|plain_text
node|servers|0|21392|21392|und|0|10.140.176.64|plain_text
node|servers|0|21393|21393|und|0|10.140.176.69|plain_text
node|servers|0|21394|21394|und|0|10.140.176.74|plain_text
node|servers|0|21395|21395|und|0|10.140.176.75|plain_text
node|servers|0|21396|21396|und|0|10.140.176.76|plain_text
node|servers|0|21397|21397|und|0|10.140.178.40|plain_text
node|servers|0|21398|21398|und|0|10.140.178.7|plain_text
node|servers|0|21399|21399|und|0|10.140.178.72|plain_text
node|servers|0|21400|21400|und|0|10.140.178.12|plain_text
node|servers|0|21401|21401|und|0|10.140.178.33|plain_text
node|servers|0|21402|21402|und|0|10.140.178.98|plain_text
node|servers|0|21403|21403|und|0|10.140.178.100|plain_text
node|servers|0|21404|21404|und|0|10.140.178.19|plain_text
node|servers|0|21405|21405|und|0|10.140.176.35|plain_text
node|servers|0|21406|21406|und|0|10.140.178.31|plain_text
node|servers|0|21407|21407|und|0|10.140.178.32|plain_text
node|servers|0|21408|21408|und|0|10.140.178.36|plain_text
node|servers|0|21409|21409|und|0|10.140.178.37|plain_text
node|servers|0|21410|21410|und|0|10.140.176.16|plain_text
node|servers|0|21411|21411|und|0|10.140.178.14|plain_text
node|servers|0|21412|21412|und|0|10.140.178.13|plain_text
node|servers|0|21413|21413|und|0|10.140.178.81|plain_text
node|servers|0|21414|21414|und|0|10.140.178.75|plain_text
node|servers|0|21415|21415|und|0|10.140.178.80|plain_text
node|servers|0|21416|21416|und|0|10.140.176.17|plain_text
node|servers|0|21417|21417|und|0|10.140.178.15|plain_text
node|servers|0|21418|21418|und|0|10.140.176.14|plain_text
node|servers|0|21419|21419|und|0|10.140.176.27|plain_text
node|servers|0|21420|21420|und|0|10.140.176.26|plain_text
node|servers|0|21421|21421|und|0|10.140.176.57|plain_text
node|servers|0|21424|21424|und|0|10.140.178.22|plain_text
node|servers|0|21425|21425|und|0|10.140.178.57|plain_text
node|servers|0|21427|21427|und|0|10.140.178.58|plain_text
node|servers|0|21431|21431|und|0|10.140.176.28|plain_text
node|servers|0|21432|21432|und|0|10.140.176.29|plain_text
node|servers|0|21433|21433|und|0|10.140.178.1|plain_text
node|servers|0|21434|21434|und|0|10.140.178.25|plain_text
node|servers|0|21435|21435|und|0|10.140.178.26|plain_text
node|servers|0|21436|21436|und|0|10.140.178.24|plain_text
node|servers|0|21437|21437|und|0|10.140.178.5|plain_text
node|servers|0|21438|21438|und|0|10.140.178.6|plain_text
node|servers|0|21439|21439|und|0|10.140.178.60|plain_text
node|servers|0|21440|21440|und|0|10.140.178.61|plain_text
node|servers|0|21441|21441|und|0|10.140.176.34|plain_text
node|servers|0|21442|21442|und|0|10.140.178.43|plain_text
node|servers|0|21445|21445|und|0|10.140.176.59|plain_text
node|servers|0|21446|21446|und|0|10.140.176.6|plain_text
node|servers|0|21447|21447|und|0|10.140.176.5|plain_text
node|servers|0|21448|21448|und|0|10.140.176.8|plain_text
node|servers|0|21449|21449|und|0|10.140.176.36|plain_text
node|servers|0|21450|21450|und|0|10.140.176.37|plain_text
node|servers|0|21451|21451|und|0|10.140.176.40|plain_text
node|servers|0|21452|21452|und|0|10.140.176.41|plain_text
node|servers|0|21453|21453|und|0|10.140.176.42|plain_text
node|servers|0|21455|21455|und|0|10.140.176.9|plain_text
node|servers|0|21456|21456|und|0|10.140.176.115|plain_text
node|servers|0|21457|21457|und|0|10.140.176.21|plain_text
node|servers|0|21459|21459|und|0|10.140.176.24|plain_text
node|servers|0|21460|21460|und|0|10.140.176.56|plain_text
node|servers|0|21461|21461|und|0|10.140.176.83|plain_text
node|servers|0|21466|21466|und|0|10.140.176.77|plain_text
node|servers|0|21467|21467|und|0|10.140.176.51|plain_text
node|servers|0|21468|21468|und|0|10.140.176.55|plain_text
node|servers|0|21469|21469|und|0|10.140.176.60|plain_text
node|servers|0|21470|21470|und|0|10.140.176.61|plain_text
node|servers|0|21471|21471|und|0|10.140.178.34|plain_text
node|servers|0|21472|21472|und|0|10.140.178.99|plain_text
node|servers|0|21473|21473|und|0|10.140.176.119|plain_text
node|servers|0|21474|21474|und|0|10.140.176.118|plain_text
node|servers|0|21475|21475|und|0|10.140.176.120|plain_text
node|servers|0|21476|21476|und|0|10.140.176.30|plain_text
node|servers|0|21477|21477|und|0|10.140.176.80|plain_text
node|servers|0|21478|21478|und|0|10.140.176.105|plain_text
node|servers|0|21479|21479|und|0|10.140.176.65|plain_text
node|servers|0|21480|21480|und|0|10.140.176.50|plain_text
node|servers|0|21481|21481|und|0|10.140.176.43|plain_text
node|servers|0|21482|21482|und|0|10.140.176.63|plain_text
node|servers|0|21486|21486|und|0|10.140.176.94|plain_text
node|servers|0|21489|21489|und|0|10.140.176.102|plain_text
node|servers|0|21490|21490|und|0|10.140.176.86|plain_text
node|servers|0|21491|21491|und|0|10.140.176.87|plain_text
node|servers|0|21492|21492|und|0|10.140.176.92|plain_text
node|servers|0|21493|21493|und|0|10.140.178.82|plain_text
node|servers|0|21494|21494|und|0|10.140.178.84|plain_text
node|servers|0|21495|21495|und|0|10.140.178.85|plain_text
node|servers|0|21496|21496|und|0|10.140.178.86|plain_text
node|servers|0|21497|21497|und|0|10.140.176.68|plain_text
node|servers|0|21498|21498|und|0|10.140.176.99|plain_text
node|servers|0|21499|21499|und|0|10.140.178.4|plain_text
node|servers|0|21500|21500|und|0|10.140.176.15|plain_text
node|servers|0|21501|21501|und|0|10.140.178.30|plain_text
node|servers|0|21502|21502|und|0|10.140.176.38|plain_text
node|servers|0|21503|21503|und|0|10.140.178.27|plain_text
node|servers|0|21504|21504|und|0|10.140.176.46|plain_text
node|servers|0|21505|21505|und|0|10.140.176.82|plain_text
node|servers|0|21506|21506|und|0|10.140.178.83|plain_text
node|servers|0|21507|21507|und|0|10.140.178.87|plain_text
node|servers|0|21508|21508|und|0|10.140.178.88|plain_text
node|servers|0|21509|21509|und|0|10.140.176.85|plain_text
node|servers|0|21510|21510|und|0|10.140.176.90|plain_text
node|servers|0|21511|21511|und|0|10.140.176.93|plain_text
node|servers|0|21512|21512|und|0|10.140.178.89|plain_text
node|servers|0|21513|21513|und|0|10.140.178.90|plain_text
node|servers|0|21514|21514|und|0|10.140.176.96|plain_text
node|servers|0|21515|21515|und|0|10.140.178.92|plain_text
node|servers|0|21516|21516|und|0|10.140.176.97|plain_text
node|servers|0|21517|21517|und|0|10.140.176.100|plain_text
node|servers|0|21518|21518|und|0|10.140.176.101|plain_text
node|servers|0|21519|21519|und|0|10.140.178.106|plain_text
node|servers|0|21520|21520|und|0|10.140.178.94|plain_text
node|servers|0|21521|21521|und|0|10.140.178.95|plain_text
node|servers|0|21522|21522|und|0|10.140.178.97|plain_text
node|servers|0|21523|21523|und|0|10.140.176.106|plain_text
node|servers|0|21524|21524|und|0|10.140.176.110|plain_text
node|servers|0|21525|21525|und|0|10.140.178.20|plain_text
node|servers|0|21526|21526|und|0|10.140.178.41|plain_text
node|servers|0|21527|21527|und|0|10.140.176.107|plain_text
node|servers|0|21528|21528|und|0|10.140.176.108|plain_text
node|servers|0|21529|21529|und|0|10.140.176.73|plain_text
node|servers|0|21530|21530|und|0|10.140.176.109|plain_text
node|servers|0|21531|21531|und|0|10.140.176.116|plain_text
node|servers|0|21532|21532|und|0|10.140.176.78|plain_text
node|servers|0|21533|21533|und|0|10.140.176.114|plain_text
node|servers|0|21534|21534|und|0|10.140.178.101|plain_text
node|servers|0|21535|21535|und|0|10.140.178.102|plain_text
node|servers|0|21536|21536|und|0|10.140.176.113|plain_text
node|servers|0|21537|21537|und|0|10.140.178.103|plain_text
node|servers|0|21538|21538|und|0|10.140.178.104|plain_text
node|servers|0|21539|21539|und|0|10.140.178.105|plain_text
node|servers|0|21540|21540|und|0|10.140.176.3|plain_text
node|servers|0|21541|21541|und|0|10.140.176.23|plain_text
node|servers|0|21542|21542|und|0|10.140.176.19|plain_text
node|servers|0|21736|21736|und|0|10.140.176.95|plain_text
node|servers|0|25938|25938|und|0|10.140.176.104|plain_text
node|servers|0|25940|25940|und|0|10.140.176.121|plain_text
node|servers|0|25964|25964|und|0|10.140.176.117|plain_text
node|servers|0|25965|25965|und|0|10.140.176.124|plain_text
node|servers|0|25966|25966|und|0|10.140.176.128|plain_text
node|servers|0|25994|25994|und|0|10.140.176.3|plain_text
node|servers|0|26035|26035|und|0|10.140.176.62|plain_text
node|servers|0|26038|26038|und|0|10.140.176.70|plain_text
node|servers|0|26042|26042|und|0|10.140.176.71|plain_text
node|servers|0|26109|26109|und|0|10.140.176.103|plain_text
node|servers|0|26110|26110|und|0|10.140.176.117|plain_text
node|servers|0|26112|26112|und|0|10.140.178.8|plain_text
node|servers|0|26119|26119|und|0|10.140.178.8|plain_text
node|servers|0|26123|26123|und|0|10.140.178.8|plain_text
node|servers|0|26179|26179|und|0|10.140.176.3|plain_text
node|servers|0|26192|26192|und|0|10.140.176.3|plain_text
node|servers|0|26216|26216|und|0|10.140.176.87|plain_text
node|servers|0|26220|26220|und|0|10.140.176.79|plain_text
node|servers|0|26225|26225|und|0|10.140.176.111|plain_text
node|servers|0|26242|26242|und|0|10.140.178.9|plain_text
node|servers|0|26251|26251|und|0|10.140.178.10|plain_text
node|servers|0|26253|26253|und|0|10.140.176.112|plain_text
node|servers|0|26256|26256|und|0|10.140.178.16|plain_text
node|servers|0|26272|26272|und|0|10.140.178.20|plain_text
node|servers|0|26313|26313|und|0|10.140.176.72|plain_text
node|servers|0|26342|26342|und|0|10.140.176.73|plain_text
node|servers|0|26351|26351|und|0|10.140.176.87|plain_text
node|servers|0|26354|26354|und|0|10.140.176.108|plain_text
node|servers|0|26356|26356|und|0|10.140.176.122|plain_text
node|servers|0|26366|26366|und|0|10.140.176.123|plain_text
node|servers|0|26377|26377|und|0|10.140.178.28|plain_text
node|servers|0|26378|26378|und|0|10.140.178.23|plain_text
node|servers|0|26379|26379|und|0|10.140.176.127|plain_text
node|servers|0|26380|26380|und|0|10.140.176.128|plain_text
node|servers|0|26381|26381|und|0|10.140.176.125|plain_text
node|servers|0|26454|26454|und|0|10.140.176.56|plain_text
node|servers|0|26459|26459|und|0|10.140.176.83|plain_text
node|servers|0|26462|26462|und|0|10.140.176.124|plain_text
node|servers|0|26482|26482|und|0|10.140.178.29|plain_text
node|servers|0|26498|26498|und|0|10.140.176.123|plain_text
node|servers|0|26508|26508|und|0|10.140.176.130|plain_text
node|servers|0|26515|26515|und|0|10.140.176.131|plain_text
node|servers|0|26516|26516|und|0|10.140.176.132|plain_text
node|servers|0|26539|26539|und|0|10.140.178.21|\N
node|servers|0|26556|26556|und|0|10.140.178.38|plain_text
node|servers|0|26565|26565|und|0|10.140.178.40|plain_text
node|servers|0|26589|26589|und|0|10.140.176.131|plain_text
node|servers|0|26599|26599|und|0|10.140.176.133|plain_text
node|servers|0|26606|26606|und|0|10.140.176.134|plain_text
node|servers|0|26633|26633|und|0|10.140.176.51|plain_text
node|servers|0|26638|26638|und|0|10.140.176.55|plain_text
node|servers|0|26667|26667|und|0|10.140.176.133|plain_text
node|servers|0|26673|26673|und|0|10.140.176.135|\N
node|servers|0|26681|26681|und|0|10.140.176.136|plain_text
node|servers|0|26734|26734|und|0|10.140.176.87|plain_text
node|servers|0|26772|26772|und|0|10.140.176.49|plain_text
node|servers|0|26782|26782|und|0|10.140.176.87|plain_text
node|servers|0|26794|26794|und|0|10.140.176.87|plain_text
node|servers|0|26797|26797|und|0|10.140.176.123|plain_text
node|servers|0|26833|26833|und|0|10.140.176.87|plain_text
node|servers|0|26838|26838|und|0|10.140.178.9|plain_text
node|servers|0|26842|26842|und|0|10.140.178.21|plain_text
node|servers|0|26849|26849|und|0|10.140.176.87|plain_text
node|servers|0|26851|26851|und|0|10.140.176.129|plain_text
node|servers|0|26870|26870|und|0|10.140.178.48|plain_text
node|servers|0|26877|26877|und|0|10.140.178.59|plain_text
node|servers|0|26897|26897|und|0|10.140.176.87|plain_text
node|servers|0|26900|26900|und|0|10.140.176.135|plain_text
node|servers|0|26905|26905|und|0|10.140.178.62|plain_text
node|servers|0|26930|26930|und|0|10.140.176.87|plain_text
node|servers|0|26943|26943|und|0|10.140.176.137|plain_text
node|servers|0|26945|26945|und|0|10.140.176.138|plain_text
node|servers|0|26949|26949|und|0|10.140.176.140|plain_text
node|servers|0|26952|26952|und|0|10.140.176.141|plain_text
node|servers|0|26957|26957|und|0|10.140.176.141|plain_text
node|servers|0|26962|26962|und|0|10.140.176.142|plain_text
node|servers|0|26973|26973|und|0|10.140.176.143|plain_text
node|servers|0|26977|26977|und|0|10.140.176.144|plain_text
node|servers|0|26985|26985|und|0|10.140.176.145|plain_text
node|servers|0|26989|26989|und|0|10.140.176.146|plain_text
node|servers|0|26991|26991|und|0|10.140.176.147|plain_text
node|servers|0|26993|26993|und|0|10.140.176.148|plain_text
node|servers|0|26995|26995|und|0|10.140.176.149|plain_text
node|servers|0|26997|26997|und|0|10.140.178.48|plain_text
node|servers|0|26999|26999|und|0|10.140.176.150|plain_text
node|servers|0|27001|27001|und|0|10.140.176.151|plain_text
node|servers|0|27005|27005|und|0|10.140.176.152|plain_text
node|servers|0|27008|27008|und|0|10.140.176.153|plain_text
node|servers|0|27010|27010|und|0|10.140.176.154|plain_text
node|servers|0|27012|27012|und|0|10.140.176.155|plain_text
node|servers|0|27014|27014|und|0|10.140.178.70|plain_text
node|servers|0|27015|27015|und|0|10.140.176.156|plain_text
node|servers|0|27027|27027|und|0|10.140.176.157|plain_text
node|servers|0|27031|27031|und|0|10.140.176.158|plain_text
node|servers|0|27039|27039|und|0|10.140.176.134|plain_text
node|servers|0|27051|27051|und|0|10.140.176.158|plain_text
node|servers|0|27056|27056|und|0|10.140.178.71|plain_text
node|servers|0|27060|27060|und|0|10.140.178.73|plain_text
node|servers|0|27067|27067|und|0|10.140.176.156|plain_text
node|servers|0|27068|27068|und|0|10.140.176.157|plain_text
node|servers|0|27084|27084|und|0|10.140.176.158|plain_text
node|servers|0|27113|27113|und|0|10.140.178.74|plain_text
node|servers|0|27120|27120|und|0|10.140.176.113|plain_text
node|servers|0|27123|27123|und|0|10.140.176.143|plain_text
node|servers|0|27130|27130|und|0|10.140.178.82|plain_text
node|servers|0|27143|27143|und|0|10.140.176.149|plain_text
node|servers|0|27146|27146|und|0|10.140.176.159|plain_text
node|servers|0|27167|27167|und|0|10.140.176.161|plain_text
node|servers|0|27170|27170|und|0|10.140.176.162|plain_text
node|servers|0|27178|27178|und|0|10.140.178.11|plain_text
node|servers|0|27181|27181|und|0|10.140.176.163|plain_text
node|servers|0|27185|27185|und|0|10.140.176.163|plain_text
node|servers|0|27197|27197|und|0|10.140.176.164|plain_text
node|servers|0|27201|27201|und|0|10.140.176.165|plain_text
node|servers|0|27217|27217|und|0|10.140.176.160|plain_text
node|servers|0|27233|27233|und|0|10.140.178.48|plain_text
node|servers|0|27250|27250|und|0|10.140.178.84|plain_text
node|servers|0|27254|27254|und|0|10.140.176.24|plain_text
node|servers|0|27264|27264|und|0|10.140.176.79|plain_text
node|servers|0|27268|27268|und|0|10.140.176.90|plain_text
node|servers|0|27271|27271|und|0|10.140.178.85|plain_text
node|servers|0|27281|27281|und|0|10.140.178.87|plain_text
node|servers|0|27299|27299|und|0|10.140.176.170|plain_text
node|servers|0|27314|27314|und|0|10.140.176.93|plain_text
node|servers|0|27317|27317|und|0|10.140.176.144|plain_text
node|servers|0|27321|27321|und|0|10.140.176.139|plain_text
node|servers|0|27326|27326|und|0|10.140.178.87|plain_text
node|servers|0|27331|27331|und|0|10.140.176.169|plain_text
node|servers|0|27357|27357|und|0|10.140.176.170|plain_text
node|servers|0|27360|27360|und|0|10.140.176.171|plain_text
node|servers|0|27439|27439|und|0|10.140.176.172|plain_text
node|servers|0|27447|27447|und|0|10.140.176.173|\N
node|servers|0|27457|27457|und|0|10.140.176.174|plain_text
node|servers|0|27467|27467|und|0|10.140.178.91|plain_text
node|servers|0|27473|27473|und|0|10.140.178.93|plain_text
node|servers|0|27488|27488|und|0|10.140.176.166|plain_text
node|servers|0|27490|27490|und|0|10.140.178.13|plain_text
node|servers|0|27494|27494|und|0|10.140.178.91|plain_text
node|servers|0|27500|27500|und|0|10.140.178.13|plain_text
node|servers|0|27502|27502|und|0|10.140.178.96|plain_text
node|servers|0|27506|27506|und|0|10.140.178.96|plain_text
node|servers|0|27509|27509|und|0|10.140.178.13|plain_text
node|servers|0|27514|27514|und|0|10.140.176.166|plain_text
node|servers|0|27515|27515|und|0|10.140.176.167|plain_text
node|servers|0|27518|27518|und|0|10.140.178.107|plain_text
node|servers|0|27519|27519|und|0|10.140.176.168|plain_text
node|servers|0|27523|27523|und|0|10.140.178.96|plain_text
node|servers|0|27530|27530|und|0|10.140.176.169|plain_text
node|servers|0|27546|27546|und|0|10.140.176.175|plain_text
node|servers|0|27548|27548|und|0|10.140.178.91|plain_text
node|servers|0|27559|27559|und|0|10.140.178.14|plain_text
node|servers|0|27575|27575|und|0|10.140.178.14|plain_text
node|servers|0|27581|27581|und|0|10.140.176.176|plain_text
node|servers|0|27584|27584|und|0|10.140.176.178|plain_text
node|servers|0|27587|27587|und|0|10.140.176.179|plain_text
node|servers|0|27616|27616|und|0|10.140.176.177|plain_text
node|servers|0|27620|27620|und|0|10.140.176.181|plain_text
node|servers|0|27621|27621|und|0|10.140.176.180|plain_text
node|servers|0|27634|27634|und|0|10.140.176.183|plain_text
node|servers|0|27644|27644|und|0|10.140.176.184|plain_text
node|servers|0|27652|27652|und|0|10.140.176.184|plain_text
node|servers|0|27656|27656|und|0|10.140.178.7|plain_text
node|servers|0|27662|27662|und|0|10.140.178.7|plain_text
node|servers|0|27675|27675|und|0|10.140.177.228|plain_text
node|servers|0|27676|27676|und|0|10.140.176.184|plain_text
node|servers|0|27677|27677|und|0|10.140.176.164|plain_text
node|servers|0|27770|27770|und|0|10.140.176.185|plain_text
node|servers|0|27775|27775|und|0|10.140.176.186|plain_text
node|servers|0|27787|27787|und|0|10.140.176.187|plain_text
node|servers|0|27792|27792|und|0|10.140.176.188|plain_text
node|servers|0|27821|27821|und|0|10.140.176.191|plain_text
node|servers|0|27824|27824|und|0|10.140.176.192|plain_text
node|servers|0|27830|27830|und|0|10.140.176.193|plain_text
node|servers|0|27835|27835|und|0|10.140.176.189|plain_text
node|servers|0|27843|27843|und|0|10.140.178.63|plain_text
node|servers|0|27846|27846|und|0|10.140.176.190|plain_text
node|servers|0|27849|27849|und|0|10.140.176.190|plain_text
node|servers|0|27851|27851|und|0|10.140.176.194|plain_text
node|servers|0|27862|27862|und|0|10.140.176.195|plain_text
node|servers|0|27871|27871|und|0|10.140.176.196|plain_text
node|servers|0|27873|27873|und|0|10.140.176.197|plain_text
node|servers|0|27875|27875|und|0|10.140.176.198|plain_text
node|servers|0|27879|27879|und|0|10.140.176.199|plain_text
node|servers|0|27885|27885|und|0|10.140.177.227|plain_text
node|servers|0|27887|27887|und|0|10.140.176.199|plain_text
node|servers|0|27890|27890|und|0|10.140.177.228|plain_text
node|servers|0|27892|27892|und|0|10.140.176.201|plain_text
node|servers|0|27897|27897|und|0|10.140.176.202|plain_text
node|servers|0|27901|27901|und|0|10.140.176.204|plain_text
node|servers|0|27913|27913|und|0|10.140.176.184|plain_text
node|servers|0|27915|27915|und|0|10.140.176.193|plain_text
node|servers|0|27929|27929|und|0|10.140.176.190|plain_text
node|servers|0|27931|27931|und|0|10.140.176.196|plain_text
node|servers|0|27936|27936|und|0|10.140.176.196|plain_text
node|servers|0|27940|27940|und|0|10.140.176.196|plain_text
node|servers|0|27946|27946|und|0|10.140.178.67|plain_text
node|servers|0|27948|27948|und|0|10.140.176.202|plain_text
node|servers|0|27951|27951|und|0|10.140.176.196|plain_text
node|servers|0|27954|27954|und|0|10.140.176.205|plain_text
node|servers|0|27961|27961|und|0|10.140.176.196|plain_text
node|servers|0|27964|27964|und|0|10.140.176.202|plain_text
node|servers|0|27968|27968|und|0|10.140.176.202|plain_text
node|servers|0|27972|27972|und|0|10.140.176.202|plain_text
node|servers|0|27981|27981|und|0|10.140.176.207|plain_text
node|servers|0|27993|27993|und|0|10.140.176.207|plain_text
node|servers|0|27996|27996|und|0|10.140.176.208|plain_text
node|servers|0|27998|27998|und|0|10.140.176.207|plain_text
node|servers|0|28005|28005|und|0|10.140.176.200|plain_text
node|servers|0|28014|28014|und|0|10.140.176.203|plain_text
node|servers|0|28016|28016|und|0|10.140.178.69|plain_text
node|servers|0|28020|28020|und|0|10.140.176.190|plain_text
node|servers|0|28025|28025|und|0|10.140.178.108|plain_text
node|servers|0|28026|28026|und|0|10.140.178.89|plain_text
node|servers|0|28027|28027|und|0|10.140.178.90|plain_text
node|servers|0|28029|28029|und|0|10.140.176.208|plain_text
node|servers|0|28036|28036|und|0|10.140.176.210|plain_text
node|servers|0|28042|28042|und|0|10.140.176.208|plain_text
node|servers|0|28054|28054|und|0|10.140.178.90|plain_text
node|servers|0|28055|28055|und|0|10.140.178.89|plain_text
node|servers|0|28064|28064|und|0|10.140.176.212|plain_text
node|servers|0|28065|28065|und|0|10.140.176.211|plain_text
node|servers|0|28066|28066|und|0|10.140.176.213|plain_text
node|servers|0|28069|28069|und|0|10.140.176.214|plain_text
node|servers|0|28079|28079|und|0|10.140.178.89|plain_text
node|servers|0|28080|28080|und|0|10.140.178.90|plain_text
node|servers|0|28081|28081|und|0|10.140.178.108|plain_text
node|servers|0|28084|28084|und|0|10.140.178.109|plain_text
node|servers|0|28087|28087|und|0|10.140.176.211|plain_text
node|servers|0|28095|28095|und|0|10.140.176.213|plain_text
node|servers|0|28096|28096|und|0|10.140.176.212|plain_text
node|servers|0|28101|28101|und|0|10.140.176.91|plain_text
node|servers|0|28105|28105|und|0|10.140.176.217|plain_text
node|servers|0|28113|28113|und|0|10.140.176.219|plain_text
node|servers|0|28124|28124|und|0|10.140.176.220|plain_text
node|servers|0|28159|28159|und|0|192.168.64.127|\N
node|servers|0|28164|28164|und|0|10.140.176.84|plain_text
node|servers|0|28170|28170|und|0|10.140.178.86|plain_text
node|servers|0|28180|28180|und|0|10.140.176.84|plain_text
node|servers|0|28190|28190|und|0|10.140.178.25|plain_text
node|servers|0|28195|28195|und|0|10.140.176.186|plain_text
node|servers|0|28199|28199|und|0|192.168.65.195|plain_text
node|servers|0|28276|28276|und|0|10.140.176.188|plain_text
node|servers|0|28280|28280|und|0|10.140.178.63|plain_text
node|servers|0|28284|28284|und|0|10.140.176.84|plain_text
node|servers|0|28287|28287|und|0|10.140.178.89|plain_text
node|servers|0|28289|28289|und|0|10.140.176.151|plain_text
node|servers|0|28293|28293|und|0|10.140.176.152|plain_text
node|servers|0|28298|28298|und|0|10.140.176.153|plain_text
node|servers|0|28300|28300|und|0|10.140.176.154|plain_text
node|servers|0|28304|28304|und|0|10.140.178.9|plain_text
node|servers|0|28308|28308|und|0|10.140.176.84|plain_text
node|servers|0|28309|28309|und|0|10.140.178.21|plain_text
node|servers|0|28317|28317|und|0|10.140.178.90|plain_text
node|servers|0|28320|28320|und|0|10.140.176.185|plain_text
node|servers|0|28323|28323|und|0|10.140.176.149|plain_text
node|servers|0|28328|28328|und|0|10.140.176.147|\N
node|servers|0|28331|28331|und|0|10.140.176.174|plain_text
node|servers|0|28335|28335|und|0|10.140.176.93|\N
node|servers|0|28338|28338|und|0|10.140.176.145|\N
node|servers|0|28341|28341|und|0|10.140.176.146|\N
node|servers|0|28350|28350|und|0|10.140.178.90|plain_text
node|servers|0|28354|28354|und|0|10.140.176.84|plain_text
node|servers|0|28355|28355|und|0|10.140.176.206|plain_text
node|servers|0|28358|28358|und|0|10.140.176.209|plain_text
node|servers|0|28360|28360|und|0|10.140.178.73|plain_text
node|servers|0|28364|28364|und|0|10.140.178.92|plain_text
node|servers|0|28371|28371|und|0|10.140.176.84|plain_text
node|servers|0|28374|28374|und|0|10.140.178.101|plain_text
node|servers|0|28397|28397|und|0|10.140.178.108|plain_text
node|servers|0|28402|28402|und|0|10.140.178.108|plain_text
node|servers|0|28415|28415|und|0|10.140.178.109|plain_text
node|servers|0|28422|28422|und|0|10.140.176.35|plain_text
node|servers|0|28427|28427|und|0|10.140.176.91|plain_text
node|servers|0|28428|28428|und|0|10.140.176.84|plain_text
node|servers|0|28461|28461|und|0|10.140.178.110|plain_text
node|servers|0|28462|28462|und|0|10.140.178.112|plain_text
node|servers|0|28463|28463|und|0|10.140.178.111|plain_text
node|servers|0|28498|28498|und|0|10.140.176.177|plain_text
node|servers|0|28507|28507|und|0|10.140.176.23|plain_text
node|servers|0|28517|28517|und|0|10.140.176.209|plain_text
node|servers|0|28521|28521|und|0|10.140.176.62|plain_text
node|servers|0|28523|28523|und|0|10.140.176.210|plain_text
node|servers|0|28528|28528|und|0|10.140.177.227|plain_text
node|servers|0|28530|28530|und|0|10.140.176.212|plain_text
node|servers|0|28539|28539|und|0|10.140.178.110|plain_text
node|servers|0|28540|28540|und|0|10.140.178.111|plain_text
node|servers|0|28541|28541|und|0|10.140.178.112|plain_text
node|servers|0|28558|28558|und|0|10.140.178.110|plain_text
node|servers|0|28559|28559|und|0|10.140.178.111|plain_text
node|servers|0|28560|28560|und|0|10.140.178.112|plain_text
node|servers|0|28574|28574|und|0|10.140.176.213|plain_text
node|servers|0|28579|28579|und|0|10.140.178.113|plain_text
node|servers|0|28585|28585|und|0|10.140.176.215|plain_text
node|servers|0|28588|28588|und|0|10.140.176.215|plain_text
node|servers|0|28598|28598|und|0|10.140.178.13|plain_text
node|servers|0|28604|28604|und|0|10.140.176.218|plain_text
node|servers|0|28615|28615|und|0|10.140.176.221|plain_text
node|servers|0|28620|28620|und|0|10.140.176.220|plain_text
node|servers|0|28623|28623|und|0|10.140.176.222|plain_text
node|servers|0|28626|28626|und|0|10.140.176.206|plain_text
node|servers|0|28629|28629|und|0|10.140.176.219|plain_text
node|servers|0|28631|28631|und|0|10.140.176.223|plain_text
node|servers|0|28648|28648|und|0|10.140.178.13|plain_text
node|servers|0|28677|28677|und|0|10.140.178.13|plain_text
node|servers|0|28681|28681|und|0|10.140.178.13|plain_text
node|servers|0|28703|28703|und|0|10.140.178.88|plain_text
node|servers|0|28723|28723|und|0|10.140.176.7|plain_text
node|servers|0|28727|28727|und|0|10.140.176.7|plain_text
node|servers|0|28745|28745|und|0|10.140.176.225|plain_text
node|servers|0|28754|28754|und|0|10.140.176.150|plain_text
node|servers|0|28757|28757|und|0|10.140.176.226|plain_text
node|servers|0|28761|28761|und|0|10.140.176.227|plain_text
node|servers|0|28769|28769|und|0|10.140.176.226|plain_text
node|servers|0|28772|28772|und|0|10.140.176.226|plain_text
node|servers|0|28777|28777|und|0|10.140.176.50|plain_text
node|servers|0|28784|28784|und|0|10.140.176.228|plain_text
node|servers|0|28790|28790|und|0|10.140.176.50|plain_text
node|servers|0|28797|28797|und|0|10.140.176.153|plain_text
node|servers|0|28801|28801|und|0|10.140.176.229|plain_text
node|servers|0|28809|28809|und|0|10.140.176.231|\N
node|servers|0|28815|28815|und|0|10.140.176.232|plain_text
node|servers|0|28818|28818|und|0|10.140.178.114|plain_text
node|servers|0|28830|28830|und|0|10.140.176.234|plain_text
node|servers|0|28831|28831|und|0|10.140.176.233|plain_text
node|servers|0|28835|28835|und|0|10.140.176.235|plain_text
node|servers|0|28857|28857|und|0|10.140.176.13|plain_text
node|servers|0|28862|28862|und|0|10.140.176.232|plain_text
node|servers|0|28870|28870|und|0|10.140.176.13|plain_text
node|servers|0|28872|28872|und|0|10.140.176.217|plain_text
node|servers|0|28873|28873|und|0|10.140.176.224|plain_text
node|servers|0|28881|28881|und|0|10.140.176.234|plain_text
node|servers|0|28882|28882|und|0|10.140.176.230|plain_text
node|servers|0|28889|28889|und|0|10.140.176.232|plain_text
node|servers|0|28894|28894|und|0|10.140.176.237|plain_text
node|servers|0|28900|28900|und|0|10.140.176.232|plain_text
node|servers|0|28903|28903|und|0|10.140.176.237|plain_text
node|servers|0|28916|28916|und|0|10.140.176.232|plain_text
node|servers|0|28921|28921|und|0|10.140.178.115|plain_text
node|servers|0|28927|28927|und|0|10.140.176.21|plain_text
node|servers|0|28939|28939|und|0|10.140.176.21|plain_text
node|servers|0|28942|28942|und|0|10.140.178.116|plain_text
node|servers|0|28946|28946|und|0|10.140.176.238|\N
node|servers|0|28949|28949|und|0|10.140.176.240|plain_text
node|servers|0|28953|28953|und|0|10.140.176.241|plain_text
node|servers|0|28963|28963|und|0|10.140.178.115|plain_text
node|servers|0|28969|28969|und|0|10.140.176.242|plain_text
node|servers|0|28973|28973|und|0|10.140.176.243|plain_text
node|servers|0|28985|28985|und|0|10.140.176.244|plain_text
node|servers|0|28988|28988|und|0|10.140.176.130|plain_text
node|servers|0|29014|29014|und|0|10.140.176.153|plain_text
node|servers|0|29023|29023|und|0|10.140.178.117|plain_text
node|servers|0|29029|29029|und|0|10.140.178.48|plain_text
node|servers|0|29030|29030|und|0|10.140.178.118|plain_text
node|servers|0|29036|29036|und|0|10.140.178.119|plain_text
node|servers|0|29039|29039|und|0|10.140.178.120|plain_text
node|servers|0|29046|29046|und|0|10.140.176.83|plain_text
node|servers|0|29050|29050|und|0|10.140.178.121|plain_text
node|servers|0|29058|29058|und|0|10.140.178.122|plain_text
node|servers|0|29061|29061|und|0|10.140.178.123|plain_text
node|servers|0|29070|29070|und|0|10.140.178.124|plain_text
node|servers|0|29074|29074|und|0|10.140.178.125|plain_text
node|servers|0|29087|29087|und|0|10.140.178.126|plain_text
node|servers|0|29091|29091|und|0|10.140.176.216|plain_text
node|servers|0|29099|29099|und|0|10.140.176.212|plain_text
node|servers|0|29119|29119|und|0|10.140.176.229|plain_text
node|servers|0|29126|29126|und|0|10.140.178.127|plain_text
node|servers|0|29128|29128|und|0|10.140.176.233|plain_text
node|servers|0|29135|29135|und|0|10.140.176.234|plain_text
node|servers|0|29136|29136|und|0|10.140.176.151|plain_text
node|servers|0|29137|29137|und|0|10.140.176.152|plain_text
node|servers|0|29138|29138|und|0|10.140.176.153|plain_text
node|servers|0|29149|29149|und|0|10.140.176.234|plain_text
node|servers|0|29150|29150|und|0|10.140.176.152|plain_text
node|servers|0|29151|29151|und|0|10.140.176.151|\N
node|servers|0|29153|29153|und|0|10.140.176.236|plain_text
node|servers|0|29158|29158|und|0|10.140.176.239|plain_text
node|servers|0|29162|29162|und|0|10.140.176.244|plain_text
node|servers|0|29169|29169|und|0|10.140.176.246|plain_text
node|servers|0|29170|29170|und|0|10.140.176.245|plain_text
node|servers|0|29171|29171|und|0|10.140.176.247|plain_text
node|servers|0|29181|29181|und|0|10.140.178.128|plain_text
node|servers|0|29229|29229|und|0|10.140.178.129|plain_text
node|servers|0|29230|29230|und|0|10.140.178.128|plain_text
node|servers|0|29247|29247|und|0|10.140.176.216|plain_text
node|servers|0|29257|29257|und|0|10.140.178.131|plain_text
node|servers|0|29258|29258|und|0|10.140.178.130|plain_text
node|servers|0|29270|29270|und|0|10.140.176.233|plain_text
node|servers|0|29284|29284|und|0|10.140.178.132|plain_text
node|servers|0|29288|29288|und|0|10.140.176.248|plain_text
node|servers|0|29291|29291|und|0|10.140.178.132|plain_text
node|servers|0|29307|29307|und|0|10.140.178.130|plain_text
node|servers|0|29308|29308|und|0|10.140.178.132|plain_text
node|servers|0|29309|29309|und|0|10.140.176.124|plain_text
node|servers|0|29324|29324|und|0|10.140.176.161|plain_text
node|servers|0|29331|29331|und|0|10.140.178.133|plain_text
node|servers|0|29332|29332|und|0|10.140.178.134|plain_text
node|servers|0|29377|29377|und|0|10.140.178.31|plain_text
node|servers|0|29378|29378|und|0|10.140.178.136|plain_text
node|servers|0|29379|29379|und|0|10.140.178.135|plain_text
node|servers|0|29393|29393|und|0|10.140.178.137|plain_text
node|servers|0|29394|29394|und|0|10.140.178.90|plain_text
node|servers|0|29409|29409|und|0|10.140.176.72|\N
node|servers|0|29466|29466|und|0|10.140.178.137|plain_text
node|servers|0|29470|29470|und|0|10.140.176.153|plain_text
node|servers|0|29474|29474|und|0|10.140.176.162|plain_text
node|servers|0|29478|29478|und|0|10.140.176.178|plain_text
node|servers|0|29480|29480|und|0|10.140.176.248|plain_text
node|servers|0|29483|29483|und|0|10.140.176.227|plain_text
node|servers|0|29484|29484|und|0|10.140.176.244|plain_text
node|servers|0|29485|29485|und|0|10.140.176.236|plain_text
node|servers|0|29486|29486|und|0|10.140.176.239|plain_text
node|servers|0|29495|29495|und|0|10.140.176.252|plain_text
node|servers|0|29496|29496|und|0|10.140.176.253|plain_text
node|servers|0|29497|29497|und|0|10.140.176.251|plain_text
node|servers|0|29498|29498|und|0|10.140.176.249|plain_text
node|servers|0|29505|29505|und|0|10.140.178.138|plain_text
node|servers|0|29511|29511|und|0|10.140.176.255|plain_text
node|servers|0|29512|29512|und|0|10.140.177.1|plain_text
node|servers|0|29513|29513|und|0|10.140.176.254|plain_text
node|servers|0|29514|29514|und|0|10.140.177.0|plain_text
node|servers|0|29522|29522|und|0|10.140.176.236|plain_text
node|servers|0|29525|29525|und|0|10.140.176.227|plain_text
node|servers|0|29527|29527|und|0|10.140.176.239|plain_text
node|servers|0|29532|29532|und|0|10.140.176.244|plain_text
node|servers|0|29537|29537|und|0|10.140.178.139|plain_text
node|servers|0|29542|29542|und|0|10.140.176.249|plain_text
node|servers|0|29545|29545|und|0|10.140.176.251|plain_text
node|servers|0|29550|29550|und|0|10.140.176.252|plain_text
node|servers|0|29559|29559|und|0|10.140.176.92|plain_text
node|servers|0|29563|29563|und|0|10.140.178.118|plain_text
node|servers|0|29571|29571|und|0|10.140.176.253|plain_text
node|servers|0|29576|29576|und|0|10.140.176.178|plain_text
node|servers|0|29607|29607|und|0|10.140.178.118|plain_text
node|servers|0|29611|29611|und|0|10.140.176.245|plain_text
node|servers|0|29615|29615|und|0|10.140.177.0|\N
node|servers|0|29621|29621|und|0|10.140.178.140|plain_text
node|servers|0|29624|29624|und|0|10.140.178.140|plain_text
node|servers|0|29626|29626|und|0|10.140.178.140|plain_text
node|servers|0|29630|29630|und|0|10.140.178.140|plain_text
node|servers|0|29634|29634|und|0|10.140.178.140|plain_text
node|servers|0|29645|29645|und|0|10.140.178.140|plain_text
node|servers|0|29649|29649|und|0|10.140.178.140|plain_text
node|servers|0|29664|29664|und|0|10.140.178.11|plain_text
node|servers|0|29674|29674|und|0|10.140.176.77|plain_text
node|servers|0|29676|29676|und|0|10.140.176.178|plain_text
node|servers|0|29677|29677|und|0|10.140.176.206|plain_text
node|servers|0|29687|29687|und|0|10.140.177.2|plain_text
node|servers|0|29688|29688|und|0|10.140.176.245|plain_text
node|servers|0|29701|29701|und|0|10.140.176.206|plain_text
node|servers|0|29713|29713|und|0|10.140.176.178|plain_text
node|servers|0|29716|29716|und|0|10.140.177.3|plain_text
node|servers|0|29728|29728|und|0|10.140.177.4|plain_text
node|servers|0|29749|29749|und|0|10.140.177.5|plain_text
node|servers|0|29754|29754|und|0|10.140.177.6|plain_text
node|servers|0|29763|29763|und|0|10.140.178.50|plain_text
node|servers|0|29778|29778|und|0|10.140.177.7|plain_text
node|servers|0|29786|29786|und|0|10.140.177.8|plain_text
node|servers|0|29791|29791|und|0|10.140.177.9|plain_text
node|servers|0|29796|29796|und|0|10.140.177.3|plain_text
node|servers|0|29800|29800|und|0|10.140.177.10|plain_text
node|servers|0|29805|29805|und|0|10.140.177.3|plain_text
node|servers|0|29819|29819|und|0|10.140.176.111|plain_text
node|servers|0|29821|29821|und|0|10.140.176.119|plain_text
node|servers|0|29828|29828|und|0|10.140.177.11|plain_text
node|servers|0|29831|29831|und|0|10.140.177.12|plain_text
node|servers|0|29847|29847|und|0|10.140.177.13|plain_text
node|servers|0|29865|29865|und|0|10.140.176.60|plain_text
node|servers|0|29929|29929|und|0|10.140.176.61|plain_text
node|servers|0|29932|29932|und|0|10.140.177.11|plain_text
node|servers|0|29957|29957|und|0|10.140.176.1|plain_text
node|servers|0|29994|29994|und|0|10.140.178.9|plain_text
node|servers|0|30020|30020|und|0|10.140.177.14|plain_text
node|servers|0|30024|30024|und|0|10.140.178.11|plain_text
node|servers|0|30028|30028|und|0|10.140.178.34|plain_text
node|servers|0|30039|30039|und|0|10.140.177.14|plain_text
node|servers|0|30051|30051|und|0|10.140.178.34|plain_text
node|servers|0|30060|30060|und|0|10.140.178.34|plain_text
node|servers|0|30063|30063|und|0|10.140.178.34|plain_text
node|servers|0|30068|30068|und|0|10.140.177.15|plain_text
node|servers|0|30084|30084|und|0|10.140.176.83|plain_text
node|servers|0|30099|30099|und|0|10.140.176.83|plain_text
node|servers|0|30104|30104|und|0|10.140.176.83|plain_text
node|servers|0|30107|30107|und|0|10.140.176.83|plain_text
node|servers|0|30133|30133|und|0|10.140.176.83|plain_text
node|servers|0|30135|30135|und|0|10.140.177.15|plain_text
node|servers|0|30138|30138|und|0|10.140.177.16|plain_text
node|servers|0|30143|30143|und|0|10.140.176.83|plain_text
node|servers|0|30145|30145|und|0|10.140.178.34|plain_text
node|servers|0|30147|30147|und|0|10.140.177.17|plain_text
node|servers|0|30149|30149|und|0|10.140.177.18|plain_text
node|servers|0|30151|30151|und|0|10.140.177.19|plain_text
node|servers|0|30157|30157|und|0|10.140.177.16|plain_text
node|servers|0|30159|30159|und|0|10.140.177.20|plain_text
node|servers|0|30164|30164|und|0|10.140.177.21|plain_text
node|servers|0|30170|30170|und|0|10.140.177.22|plain_text
node|servers|0|30175|30175|und|0|10.140.177.23|plain_text
node|servers|0|30182|30182|und|0|10.140.177.24|plain_text
node|servers|0|30206|30206|und|0|10.140.177.15|plain_text
node|servers|0|30236|30236|und|0|10.140.177.15|plain_text
node|servers|0|30246|30246|und|0|10.140.177.15|plain_text
node|servers|0|30253|30253|und|0|10.140.178.41|plain_text
node|servers|0|30257|30257|und|0|10.140.177.15|plain_text
node|servers|0|30301|30301|und|0|10.140.178.23|plain_text
node|servers|0|30307|30307|und|0|10.140.178.53|plain_text
node|servers|0|30316|30316|und|0|10.140.177.26|plain_text
node|servers|0|30325|30325|und|0|10.140.178.87|plain_text
node|servers|0|30332|30332|und|0|10.140.177.25|plain_text
node|servers|0|30424|30424|und|0|10.140.178.41|plain_text
node|servers|0|30445|30445|und|0|10.140.177.27|plain_text
node|servers|0|30454|30454|und|0|10.140.177.28|plain_text
node|servers|0|30457|30457|und|0|10.140.177.29|plain_text
node|servers|0|30462|30462|und|0|10.140.177.30|plain_text
node|servers|0|30468|30468|und|0|10.140.177.30|plain_text
node|servers|0|30474|30474|und|0|10.140.177.31|\N
node|servers|0|30482|30482|und|0|10.140.177.32|plain_text
node|servers|0|30489|30489|und|0|10.140.177.32|plain_text
node|servers|0|30501|30501|und|0|10.140.176.123|plain_text
node|servers|0|30505|30505|und|0|10.140.178.93|plain_text
node|servers|0|30513|30513|und|0|10.140.176.123|plain_text
node|servers|0|30531|30531|und|0|10.140.176.123|plain_text
node|servers|0|30539|30539|und|0|10.140.178.99|plain_text
node|servers|0|30543|30543|und|0|10.140.178.99|plain_text
node|servers|0|30552|30552|und|0|10.140.178.101|plain_text
node|servers|0|30557|30557|und|0|10.140.178.99|plain_text
node|servers|0|30562|30562|und|0|10.140.178.102|plain_text
node|servers|0|30568|30568|und|0|10.140.178.111|plain_text
node|servers|0|30571|30571|und|0|10.140.178.119|plain_text
node|servers|0|30576|30576|und|0|10.140.178.111|plain_text
node|servers|0|30582|30582|und|0|10.140.178.111|plain_text
node|servers|0|30585|30585|und|0|10.140.178.119|plain_text
node|servers|0|30595|30595|und|0|10.140.178.62|plain_text
node|servers|0|30600|30600|und|0|10.140.178.111|plain_text
node|servers|0|30607|30607|und|0|10.140.176.123|plain_text
node|servers|0|30625|30625|und|0|10.140.178.62|plain_text
node|servers|0|30634|30634|und|0|10.140.178.111|plain_text
node|servers|0|30637|30637|und|0|10.140.177.25|plain_text
node|servers|0|30641|30641|und|0|10.140.177.25|plain_text
node|servers|0|30659|30659|und|0|10.140.178.99|plain_text
node|servers|0|30662|30662|und|0|10.140.178.119|plain_text
node|servers|0|30670|30670|und|0|10.140.177.32|plain_text
node|servers|0|30680|30680|und|0|10.140.176.239|plain_text
node|servers|0|30685|30685|und|0|10.140.177.28|plain_text
node|servers|0|30688|30688|und|0|10.140.177.35|plain_text
node|servers|0|30693|30693|und|0|10.140.177.28|plain_text
node|servers|0|30698|30698|und|0|10.140.177.36|plain_text
node|servers|0|30701|30701|und|0|10.140.177.37|plain_text
node|servers|0|30704|30704|und|0|10.140.178.120|plain_text
node|servers|0|30710|30710|und|0|10.140.177.39|plain_text
node|servers|0|30717|30717|und|0|10.140.177.40|plain_text
node|servers|0|30718|30718|und|0|10.140.177.41|plain_text
node|servers|0|30719|30719|und|0|10.140.177.42|plain_text
node|servers|0|30802|30802|und|0|10.140.177.29|plain_text
node|servers|0|30822|30822|und|0|10.140.177.34|plain_text
node|servers|0|30837|30837|und|0|10.140.177.41|plain_text
node|servers|0|30840|30840|und|0|10.140.177.43|\N
node|servers|0|30863|30863|und|0|10.140.178.31|plain_text
node|servers|0|30870|30870|und|0|10.140.177.41|plain_text
node|servers|0|30873|30873|und|0|10.140.177.44|plain_text
node|servers|0|30875|30875|und|0|10.140.178.121|plain_text
node|servers|0|30882|30882|und|0|10.140.178.31|plain_text
node|servers|0|30887|30887|und|0|10.140.177.45|plain_text
node|servers|0|30904|30904|und|0|10.140.177.33|plain_text
node|servers|0|30908|30908|und|0|10.140.178.122|plain_text
node|servers|0|30936|30936|und|0|10.140.177.41|plain_text
node|servers|0|30939|30939|und|0|10.140.177.45|plain_text
node|servers|0|30942|30942|und|0|10.140.178.121|plain_text
node|servers|0|31009|31009|und|0|10.140.177.36|plain_text
node|servers|0|31010|31010|und|0|10.140.177.45|plain_text
node|servers|0|31012|31012|und|0|10.140.178.123|plain_text
node|servers|0|31016|31016|und|0|10.140.177.46|plain_text
node|servers|0|31021|31021|und|0|10.140.177.46|plain_text
node|servers|0|31026|31026|und|0|10.140.177.46|plain_text
node|servers|0|31029|31029|und|0|10.140.177.47|plain_text
node|servers|0|31055|31055|und|0|10.140.177.36|plain_text
node|servers|0|31076|31076|und|0|10.140.176.155|plain_text
node|servers|0|31087|31087|und|0|10.140.178.21|plain_text
node|servers|0|31091|31091|und|0|10.140.176.178|plain_text
node|servers|0|31096|31096|und|0|10.140.176.195|plain_text
node|servers|0|31101|31101|und|0|10.140.176.200|plain_text
node|servers|0|31108|31108|und|0|10.140.176.178|plain_text
node|servers|0|31116|31116|und|0|10.140.178.21|plain_text
node|servers|0|31118|31118|und|0|10.140.178.90|plain_text
node|servers|0|31139|31139|und|0|10.140.177.48|plain_text
node|servers|0|31140|31140|und|0|10.140.177.50|plain_text
node|servers|0|31141|31141|und|0|10.140.177.51|plain_text
node|servers|0|31142|31142|und|0|10.140.177.52|plain_text
node|servers|0|31143|31143|und|0|10.140.177.49|plain_text
node|servers|0|31144|31144|und|0|10.140.177.46|plain_text
node|servers|0|31145|31145|und|0|10.140.177.47|plain_text
node|servers|0|31146|31146|und|0|10.140.177.36|plain_text
node|servers|0|31147|31147|und|0|10.140.177.53|plain_text
node|servers|0|31167|31167|und|0|10.140.177.54|plain_text
node|servers|0|31172|31172|und|0|10.140.177.55|plain_text
node|servers|0|31173|31173|und|0|10.140.177.56|plain_text
node|servers|0|31176|31176|und|0|10.140.177.58|plain_text
node|servers|0|31177|31177|und|0|10.140.177.57|plain_text
node|servers|0|31181|31181|und|0|10.140.177.59|plain_text
node|servers|0|31208|31208|und|0|10.140.178.90|plain_text
node|servers|0|31213|31213|und|0|10.140.176.225|plain_text
node|servers|0|31221|31221|und|0|10.140.178.103|plain_text
node|servers|0|31224|31224|und|0|10.140.178.105|plain_text
node|servers|0|31227|31227|und|0|10.140.178.112|plain_text
node|servers|0|31238|31238|und|0|10.140.177.6|plain_text
node|servers|0|31242|31242|und|0|10.140.178.115|plain_text
node|servers|0|31264|31264|und|0|10.140.177.7|plain_text
node|servers|0|31279|31279|und|0|10.140.176.225|plain_text
node|servers|0|31284|31284|und|0|10.140.178.103|plain_text
node|servers|0|31285|31285|und|0|10.140.177.6|plain_text
node|servers|0|31288|31288|und|0|10.140.177.12|plain_text
node|servers|0|31307|31307|und|0|10.140.177.55|plain_text
node|servers|0|31308|31308|und|0|10.140.177.56|plain_text
node|servers|0|31319|31319|und|0|10.140.178.106|plain_text
node|servers|0|31357|31357|und|0|10.140.178.124|plain_text
node|servers|0|32965|32965|und|0|10.140.176.84|plain_text
node|servers|0|33461|33461|und|0|10.140.178.87|plain_text
node|servers|0|35003|35003|und|0|10.140.177.62|plain_text
node|servers|0|35075|35075|und|0|10.140.176.68|plain_text
node|servers|0|35093|35093|und|0|10.140.177.60|plain_text
node|servers|0|35097|35097|und|0|10.140.178.86|\N
node|servers|0|35101|35101|und|0|10.140.178.115|plain_text
node|servers|0|35109|35109|und|0|10.140.177.60|\N
node|servers|0|35112|35112|und|0|10.140.177.61|plain_text
node|servers|0|35116|35116|und|0|10.140.177.64|\N
node|servers|0|35122|35122|und|0|10.140.177.65|\N
node|servers|0|35127|35127|und|0|10.140.178.118|plain_text
node|servers|0|35130|35130|und|0|10.140.177.66|plain_text
node|servers|0|35146|35146|und|0|10.140.176.32|plain_text
node|servers|0|35150|35150|und|0|10.140.178.124|plain_text
node|servers|0|35156|35156|und|0|10.140.178.126|plain_text
node|servers|0|35161|35161|und|0|10.140.176.32|plain_text
node|servers|0|35165|35165|und|0|10.140.177.63|plain_text
node|servers|0|35173|35173|und|0|10.140.178.128|plain_text
node|servers|0|35208|35208|und|0|10.140.178.129|plain_text
node|servers|0|35212|35212|und|0|10.140.178.87|plain_text
node|servers|0|35214|35214|und|0|10.140.178.130|plain_text
node|servers|0|35217|35217|und|0|10.140.178.131|plain_text
node|servers|0|35219|35219|und|0|10.140.176.9|plain_text
node|servers|0|35223|35223|und|0|10.140.178.132|\N
node|servers|0|35228|35228|und|0|10.140.178.131|plain_text
node|servers|0|35245|35245|und|0|10.140.176.9|plain_text
node|servers|0|35253|35253|und|0|10.140.176.40|plain_text
node|servers|0|35257|35257|und|0|10.140.176.215|plain_text
node|servers|0|35277|35277|und|0|10.140.176.40|plain_text
node|servers|0|35281|35281|und|0|10.140.178.133|plain_text
node|servers|0|35288|35288|und|0|10.140.178.134|plain_text
node|servers|0|35289|35289|und|0|10.140.177.15|plain_text
node|servers|0|35299|35299|und|0|10.140.177.32|plain_text
node|servers|0|35305|35305|und|0|10.140.178.133|plain_text
node|servers|0|35342|35342|und|0|10.140.177.57|plain_text
node|servers|0|35345|35345|und|0|10.140.177.58|plain_text
node|servers|0|35350|35350|und|0|10.140.177.67|plain_text
node|servers|0|35353|35353|und|0|10.140.177.68|plain_text
node|servers|0|35370|35370|und|0|10.140.178.135|plain_text
node|servers|0|35376|35376|und|0|10.140.178.136|plain_text
node|servers|0|35377|35377|und|0|10.140.177.46|plain_text
node|servers|0|35378|35378|und|0|10.140.177.48|plain_text
node|servers|0|35379|35379|und|0|10.140.177.47|plain_text
node|servers|0|35396|35396|und|0|10.140.178.137|plain_text
node|servers|0|35408|35408|und|0|10.140.177.52|plain_text
node|servers|0|35424|35424|und|0|10.140.177.46|plain_text
node|servers|0|35431|35431|und|0|10.140.177.47|plain_text
node|servers|0|35442|35442|und|0|10.140.177.15|plain_text
node|servers|0|35445|35445|und|0|10.140.177.48|plain_text
node|servers|0|35450|35450|und|0|10.140.177.49|plain_text
node|servers|0|35454|35454|und|0|10.140.177.53|plain_text
node|servers|0|35460|35460|und|0|10.140.177.56|plain_text
node|servers|0|35461|35461|und|0|10.140.177.55|plain_text
node|servers|0|35462|35462|und|0|10.140.177.69|plain_text
node|servers|0|35467|35467|und|0|10.140.177.70|plain_text
node|servers|0|35470|35470|und|0|10.140.177.72|plain_text
node|servers|0|35471|35471|und|0|10.140.177.71|plain_text
node|servers|0|35472|35472|und|0|10.140.177.62|plain_text
node|servers|0|35486|35486|und|0|10.140.177.73|plain_text
node|servers|0|35492|35492|und|0|10.140.177.74|plain_text
node|servers|0|35498|35498|und|0|10.140.178.135|plain_text
node|servers|0|35506|35506|und|0|10.140.177.50|plain_text
node|servers|0|35522|35522|und|0|10.140.177.77|plain_text
node|servers|0|35529|35529|und|0|10.140.177.78|plain_text
node|servers|0|35533|35533|und|0|10.140.177.79|plain_text
node|servers|0|35535|35535|und|0|10.140.177.80|plain_text
node|servers|0|35539|35539|und|0|10.140.177.78|plain_text
node|servers|0|35545|35545|und|0|10.140.177.81|plain_text
node|servers|0|35555|35555|und|0|10.140.177.82|plain_text
node|servers|0|35592|35592|und|0|10.140.176.47|plain_text
node|servers|0|35595|35595|und|0|10.140.177.15|plain_text
node|servers|0|35601|35601|und|0|10.140.177.36|plain_text
node|servers|0|35604|35604|und|0|10.140.177.48|plain_text
node|servers|0|35607|35607|und|0|10.140.177.51|plain_text
node|servers|0|35610|35610|und|0|10.140.177.75|plain_text
node|servers|0|35619|35619|und|0|10.140.178.38|plain_text
node|servers|0|35622|35622|und|0|10.140.177.76|plain_text
node|servers|0|35629|35629|und|0|10.140.176.193|plain_text
node|servers|0|35638|35638|und|0|10.140.177.83|plain_text
node|servers|0|35648|35648|und|0|10.140.178.42|plain_text
node|servers|0|35665|35665|und|0|10.140.177.85|plain_text
node|servers|0|35668|35668|und|0|10.140.177.86|plain_text
node|servers|0|35673|35673|und|0|10.140.177.87|plain_text
node|servers|0|35676|35676|und|0|10.140.178.134|plain_text
node|servers|0|35680|35680|und|0|10.140.178.136|plain_text
node|servers|0|35685|35685|und|0|10.140.177.88|plain_text
node|servers|0|35688|35688|und|0|10.140.177.89|plain_text
node|servers|0|35693|35693|und|0|10.140.178.137|plain_text
node|servers|0|35698|35698|und|0|10.140.177.89|plain_text
node|servers|0|35707|35707|und|0|10.140.178.138|plain_text
node|servers|0|35711|35711|und|0|10.140.177.91|plain_text
node|servers|0|35724|35724|und|0|10.140.178.138|plain_text
node|servers|0|35753|35753|und|0|10.140.177.84|plain_text
node|servers|0|35761|35761|und|0|10.140.176.47|plain_text
node|servers|0|35765|35765|und|0|10.140.177.15|plain_text
node|servers|0|35771|35771|und|0|10.140.177.36|plain_text
node|servers|0|35775|35775|und|0|10.140.177.92|plain_text
node|servers|0|35784|35784|und|0|10.140.177.93|plain_text
node|servers|0|35788|35788|und|0|10.140.177.96|plain_text
node|servers|0|35792|35792|und|0|10.140.177.96|plain_text
node|servers|0|35795|35795|und|0|10.140.177.97|plain_text
node|servers|0|35799|35799|und|0|10.140.177.98|plain_text
node|servers|0|35821|35821|und|0|10.140.178.128|plain_text
node|servers|0|35829|35829|und|0|10.140.178.139|plain_text
node|servers|0|35832|35832|und|0|10.140.178.140|plain_text
node|servers|0|35866|35866|und|0|10.140.178.141|plain_text
node|servers|0|35873|35873|und|0|10.140.178.124|plain_text
node|servers|0|35880|35880|und|0|10.140.178.142|plain_text
node|servers|0|35897|35897|und|0|10.140.178.143|plain_text
node|servers|0|35901|35901|und|0|10.140.178.144|plain_text
node|servers|0|35906|35906|und|0|10.140.177.101|plain_text
node|servers|0|35911|35911|und|0|10.140.177.102|plain_text
node|servers|0|35913|35913|und|0|10.140.178.145|plain_text
node|servers|0|35916|35916|und|0|10.140.177.102|plain_text
node|servers|0|35923|35923|und|0|10.140.176.148|plain_text
node|servers|0|35928|35928|und|0|10.140.178.133|plain_text
node|servers|0|35938|35938|und|0|10.140.178.146|plain_text
node|servers|0|35941|35941|und|0|10.140.176.148|plain_text
node|servers|0|35942|35942|und|0|10.140.178.147|plain_text
node|servers|0|35959|35959|und|0|10.140.178.148|plain_text
node|servers|0|35961|35961|und|0|10.140.178.149|plain_text
node|servers|0|35967|35967|und|0|10.140.176.148|plain_text
node|servers|0|35970|35970|und|0|10.140.176.191|plain_text
node|servers|0|35975|35975|und|0|10.140.178.150|plain_text
node|servers|0|35980|35980|und|0|10.140.178.151|plain_text
node|servers|0|35988|35988|und|0|10.140.176.210|plain_text
node|servers|0|35991|35991|und|0|10.140.178.150|plain_text
node|servers|0|35994|35994|und|0|10.140.177.94|plain_text
node|servers|0|35999|35999|und|0|10.140.177.94|plain_text
node|servers|0|36025|36025|und|0|10.140.177.99|plain_text
node|servers|0|36026|36026|und|0|10.140.177.95|\N
node|servers|0|36034|36034|und|0|10.140.178.152|plain_text
node|servers|0|36042|36042|und|0|10.140.178.153|plain_text
node|servers|0|36047|36047|und|0|10.140.178.154|plain_text
node|servers|0|36066|36066|und|0|10.140.177.188|plain_text
node|servers|0|36076|36076|und|0|10.140.177.188|plain_text
node|servers|0|36082|36082|und|0|10.140.177.189|plain_text
node|servers|0|36086|36086|und|0|10.140.177.189|plain_text
node|servers|0|36096|36096|und|0|10.140.177.105|plain_text
node|servers|0|36101|36101|und|0|10.140.177.108|plain_text
node|servers|0|36148|36148|und|0|10.140.177.35|plain_text
node|servers|0|36157|36157|und|0|10.140.177.109|plain_text
node|servers|0|36160|36160|und|0|10.140.177.110|plain_text
node|servers|0|36173|36173|und|0|10.140.178.155|plain_text
node|servers|0|36178|36178|und|0|10.140.177.112|plain_text
node|servers|0|36194|36194|und|0|10.140.176.99|\N
node|servers|0|36213|36213|und|0|10.140.178.50|plain_text
node|servers|0|36215|36215|und|0|10.140.177.10|plain_text
node|servers|0|36223|36223|und|0|10.140.178.156|plain_text
node|servers|0|36246|36246|und|0|10.140.177.10|plain_text
node|servers|0|36251|36251|und|0|10.140.176.12|plain_text
node|servers|0|36261|36261|und|0|10.140.177.24|plain_text
node|servers|0|36281|36281|und|0|10.140.178.159|plain_text
node|servers|0|36282|36282|und|0|10.140.178.158|plain_text
node|servers|0|36283|36283|und|0|10.140.178.4|plain_text
node|servers|0|36284|36284|und|0|10.140.178.157|plain_text
node|servers|0|36285|36285|und|0|10.140.178.30|plain_text
node|servers|0|36306|36306|und|0|10.140.178.4|plain_text
node|servers|0|36307|36307|und|0|10.140.178.30|plain_text
node|servers|0|36308|36308|und|0|10.140.178.159|plain_text
node|servers|0|36309|36309|und|0|10.140.178.157|plain_text
node|servers|0|36310|36310|und|0|10.140.178.158|plain_text
node|servers|0|36325|36325|und|0|10.140.178.31|plain_text
node|servers|0|36330|36330|und|0|10.140.177.104|plain_text
node|servers|0|36336|36336|und|0|10.140.177.106|plain_text
node|servers|0|36339|36339|und|0|10.140.178.4|plain_text
node|servers|0|36359|36359|und|0|10.140.178.157|plain_text
node|servers|0|36360|36360|und|0|10.140.178.4|plain_text
node|servers|0|36361|36361|und|0|10.140.178.159|plain_text
node|servers|0|36362|36362|und|0|10.140.178.158|plain_text
node|servers|0|36363|36363|und|0|10.140.178.30|plain_text
node|servers|0|36384|36384|und|0|10.140.178.4|plain_text
node|servers|0|36390|36390|und|0|10.140.178.4|plain_text
node|servers|0|36397|36397|und|0|10.140.178.4|plain_text
node|servers|0|36398|36398|und|0|10.140.178.157|plain_text
node|servers|0|36399|36399|und|0|10.140.178.158|plain_text
node|servers|0|36400|36400|und|0|10.140.178.159|plain_text
node|servers|0|36401|36401|und|0|10.140.178.30|plain_text
node|servers|0|36415|36415|und|0|10.140.177.111|plain_text
node|servers|0|36418|36418|und|0|10.140.178.160|plain_text
node|servers|0|36440|36440|und|0|10.140.177.113|plain_text
node|servers|0|36444|36444|und|0|10.140.177.113|plain_text
node|servers|0|36448|36448|und|0|10.140.177.114|plain_text
node|servers|0|36455|36455|und|0|10.140.177.115|plain_text
node|servers|0|36473|36473|und|0|10.140.177.107|plain_text
node|servers|0|36504|36504|und|0|10.140.176.99|\N
node|servers|0|36511|36511|und|0|10.140.176.112|\N
node|servers|0|36538|36538|und|0|10.140.178.161|plain_text
node|servers|0|36543|36543|und|0|10.140.178.162|plain_text
node|servers|0|36556|36556|und|0|10.140.177.30|plain_text
node|servers|0|36563|36563|und|0|10.140.177.66|plain_text
node|servers|0|36568|36568|und|0|10.140.177.66|plain_text
node|servers|0|36578|36578|und|0|10.140.177.116|plain_text
node|servers|0|36582|36582|und|0|10.140.177.117|plain_text
node|servers|0|36590|36590|und|0|10.140.176.91|plain_text
node|servers|0|36594|36594|und|0|10.140.177.118|plain_text
node|servers|0|36599|36599|und|0|10.140.176.91|plain_text
node|servers|0|36603|36603|und|0|10.140.177.119|plain_text
node|servers|0|36612|36612|und|0|10.140.176.91|plain_text
node|servers|0|36634|36634|und|0|10.140.176.101|plain_text
node|servers|0|36648|36648|und|0|10.140.178.163|plain_text
node|servers|0|36663|36663|und|0|10.140.177.54|plain_text
node|servers|0|36698|36698|und|0|10.140.177.113|plain_text
node|servers|0|36701|36701|und|0|10.140.178.164|plain_text
node|servers|0|36705|36705|und|0|10.140.177.114|plain_text
node|servers|0|36718|36718|und|0|10.140.177.115|plain_text
node|servers|0|36726|36726|und|0|10.140.177.115|plain_text
node|servers|0|36729|36729|und|0|10.140.177.121|plain_text
node|servers|0|36745|36745|und|0|10.140.177.121|plain_text
node|servers|0|36752|36752|und|0|10.140.177.122|plain_text
node|servers|0|36755|36755|und|0|10.140.177.123|plain_text
node|servers|0|36757|36757|und|0|10.140.177.124|plain_text
node|servers|0|36770|36770|und|0|10.140.178.8|plain_text
node|servers|0|36786|36786|und|0|10.140.178.165|plain_text
node|servers|0|36800|36800|und|0|10.140.177.120|plain_text
node|servers|0|36823|36823|und|0|10.140.177.125|plain_text
node|servers|0|36829|36829|und|0|10.140.178.8|plain_text
node|servers|0|36871|36871|und|0|10.140.178.107|plain_text
node|servers|0|36916|36916|und|0|10.140.177.131|plain_text
node|servers|0|36918|36918|und|0|10.140.177.133|plain_text
node|servers|0|36925|36925|und|0|10.140.177.134|plain_text
node|servers|0|36926|36926|und|0|10.140.177.131|plain_text
node|servers|0|36941|36941|und|0|10.140.176.166|plain_text
node|servers|0|36948|36948|und|0|10.140.177.51|plain_text
node|servers|0|36951|36951|und|0|10.140.177.129|plain_text
node|servers|0|36957|36957|und|0|10.140.177.130|plain_text
node|servers|0|36964|36964|und|0|10.140.177.131|plain_text
node|servers|0|36970|36970|und|0|10.140.177.132|plain_text
node|servers|0|36972|36972|und|0|10.140.177.133|plain_text
node|servers|0|36975|36975|und|0|10.140.177.81|plain_text
node|servers|0|36977|36977|und|0|10.140.177.134|plain_text
node|servers|0|36990|36990|und|0|10.140.178.165|plain_text
node|servers|0|36992|36992|und|0|10.140.177.133|plain_text
node|servers|0|36998|36998|und|0|10.140.177.135|plain_text
node|servers|0|37005|37005|und|0|10.140.177.136|plain_text
node|servers|0|37014|37014|und|0|10.140.177.137|plain_text
node|servers|0|37026|37026|und|0|10.140.177.138|plain_text
node|servers|0|37027|37027|und|0|10.140.177.143|plain_text
node|servers|0|37028|37028|und|0|10.140.177.142|plain_text
node|servers|0|37029|37029|und|0|10.140.177.139|plain_text
node|servers|0|37030|37030|und|0|10.140.178.107|plain_text
node|servers|0|37034|37034|und|0|10.140.177.140|plain_text
node|servers|0|37044|37044|und|0|10.140.177.141|plain_text
node|servers|0|37047|37047|und|0|10.140.177.144|plain_text
node|servers|0|37068|37068|und|0|10.140.178.166|plain_text
node|servers|0|37073|37073|und|0|10.140.177.126|plain_text
node|servers|0|37090|37090|und|0|10.140.177.138|plain_text
node|servers|0|37098|37098|und|0|10.140.177.139|plain_text
node|servers|0|37102|37102|und|0|10.140.177.139|plain_text
node|servers|0|37114|37114|und|0|10.140.178.167|plain_text
node|servers|0|37182|37182|und|0|10.140.178.7|plain_text
node|servers|0|37186|37186|und|0|10.140.178.168|plain_text
node|servers|0|37203|37203|und|0|10.140.178.90|plain_text
node|servers|0|37208|37208|und|0|10.140.178.169|plain_text
node|servers|0|37219|37219|und|0|10.140.178.167|plain_text
node|servers|0|37228|37228|und|0|10.140.177.127|plain_text
node|servers|0|37233|37233|und|0|10.140.177.128|plain_text
node|servers|0|37238|37238|und|0|10.140.177.142|plain_text
node|servers|0|37243|37243|und|0|10.140.178.170|plain_text
node|servers|0|37254|37254|und|0|10.140.177.143|plain_text
node|servers|0|37275|37275|und|0|10.140.177.146|plain_text
node|servers|0|37279|37279|und|0|10.140.177.147|plain_text
node|servers|0|37282|37282|und|0|10.140.177.148|plain_text
node|servers|0|37305|37305|und|0|10.140.177.147|plain_text
node|servers|0|37332|37332|und|0|10.140.176.125|plain_text
node|servers|0|37338|37338|und|0|10.140.178.171|\N
node|servers|0|37343|37343|und|0|10.140.176.123|plain_text
node|servers|0|37347|37347|und|0|10.140.177.143|plain_text
node|servers|0|37357|37357|und|0|10.140.178.60|plain_text
node|servers|0|37383|37383|und|0|10.140.178.102|plain_text
node|servers|0|37397|37397|und|0|10.140.178.172|plain_text
node|servers|0|37415|37415|und|0|10.140.176.25|plain_text
node|servers|0|37435|37435|und|0|10.140.178.173|plain_text
node|servers|0|37441|37441|und|0|10.140.178.174|plain_text
node|servers|0|37447|37447|und|0|10.140.178.175|plain_text
node|servers|0|37453|37453|und|0|10.140.178.176|plain_text
node|servers|0|37457|37457|und|0|10.140.178.177|plain_text
node|servers|0|37464|37464|und|0|10.140.178.178|plain_text
node|servers|0|37468|37468|und|0|10.140.178.179|plain_text
node|servers|0|37475|37475|und|0|10.140.178.180|plain_text
node|servers|0|37482|37482|und|0|10.140.177.83|plain_text
node|servers|0|37487|37487|und|0|10.140.177.96|plain_text
node|servers|0|37492|37492|und|0|10.140.178.181|plain_text
node|servers|0|37507|37507|und|0|10.140.177.145|plain_text
node|servers|0|37512|37512|und|0|192.168.66.244|plain_text
node|servers|0|37514|37514|und|0|10.140.178.182|plain_text
node|servers|0|37516|37516|und|0|10.140.178.183|plain_text
node|servers|0|37554|37554|und|0|10.140.178.70|plain_text
node|servers|0|37559|37559|und|0|10.140.178.173|plain_text
node|servers|0|37574|37574|und|0|10.140.176.123|plain_text
node|servers|0|37576|37576|und|0|10.140.178.184|plain_text
node|servers|0|37580|37580|und|0|10.140.178.185|\N
node|servers|0|37586|37586|und|0|10.140.178.186|plain_text
node|servers|0|37594|37594|und|0|10.140.176.226|plain_text
node|servers|0|37596|37596|und|0|10.140.177.120|plain_text
node|servers|0|37611|37611|und|0|10.140.176.18|plain_text
node|servers|0|37616|37616|und|0|10.140.178.95|plain_text
node|servers|0|37628|37628|und|0|10.140.178.187|plain_text
node|servers|0|37633|37633|und|0|10.140.176.18|plain_text
node|servers|0|37635|37635|und|0|10.140.178.188|plain_text
node|servers|0|37641|37641|und|0|10.140.178.95|plain_text
node|servers|0|37653|37653|und|0|10.140.176.18|plain_text
node|servers|0|37657|37657|und|0|10.140.177.96|plain_text
node|servers|0|37660|37660|und|0|10.140.177.149|plain_text
node|servers|0|37662|37662|und|0|10.140.177.150|plain_text
node|servers|0|37667|37667|und|0|10.140.177.151|plain_text
node|servers|0|37673|37673|und|0|10.140.177.152|plain_text
node|servers|0|37676|37676|und|0|10.140.177.146|plain_text
node|servers|0|37695|37695|und|0|10.140.178.189|plain_text
node|servers|0|37696|37696|und|0|10.140.178.190|plain_text
node|servers|0|37704|37704|und|0|10.140.176.116|plain_text
node|servers|0|37707|37707|und|0|10.140.176.139|plain_text
node|servers|0|37728|37728|und|0|10.140.178.128|plain_text
node|servers|0|37740|37740|und|0|10.140.177.25|plain_text
node|servers|0|37747|37747|und|0|10.140.177.153|plain_text
node|servers|0|37760|37760|und|0|10.140.177.154|plain_text
node|servers|0|37763|37763|und|0|10.140.177.155|\N
node|servers|0|37771|37771|und|0|10.140.178.191|plain_text
node|servers|0|37772|37772|und|0|10.140.178.193|plain_text
node|servers|0|37773|37773|und|0|10.140.178.192|plain_text
node|servers|0|37801|37801|und|0|10.140.177.157|plain_text
node|servers|0|37812|37812|und|0|10.140.178.194|plain_text
node|servers|0|37821|37821|und|0|10.140.178.195|plain_text
node|servers|0|37834|37834|und|0|10.140.177.158|plain_text
node|servers|0|37861|37861|und|0|10.140.178.196|plain_text
node|servers|0|37862|37862|und|0|10.140.178.92|plain_text
node|servers|0|37866|37866|und|0|10.140.178.197|plain_text
node|servers|0|37870|37870|und|0|10.140.178.198|plain_text
node|servers|0|37887|37887|und|0|10.140.176.15|plain_text
node|servers|0|37890|37890|und|0|10.140.178.92|plain_text
node|servers|0|37901|37901|und|0|10.140.178.199|plain_text
node|servers|0|37905|37905|und|0|10.140.176.38|plain_text
node|servers|0|37907|37907|und|0|10.140.178.200|plain_text
node|servers|0|37914|37914|und|0|10.140.177.159|plain_text
node|servers|0|37919|37919|und|0|10.140.176.3|plain_text
node|servers|0|37922|37922|und|0|10.140.176.46|plain_text
node|servers|0|37925|37925|und|0|10.140.176.82|plain_text
node|servers|0|37928|37928|und|0|10.140.176.229|plain_text
node|servers|0|37940|37940|und|0|10.140.177.7|plain_text
node|servers|0|37942|37942|und|0|10.140.177.28|plain_text
node|servers|0|37945|37945|und|0|10.140.177.156|plain_text
node|servers|0|37961|37961|und|0|10.140.177.28|plain_text
node|servers|0|37962|37962|und|0|10.140.177.156|plain_text
node|servers|0|37965|37965|und|0|10.140.177.161|plain_text
node|servers|0|37975|37975|und|0|10.140.177.162|plain_text
node|servers|0|37980|37980|und|0|10.140.177.163|plain_text
node|servers|0|37990|37990|und|0|10.140.176.46|plain_text
node|servers|0|37995|37995|und|0|10.140.178.76|plain_text
node|servers|0|37998|37998|und|0|10.140.178.77|plain_text
node|servers|0|38001|38001|und|0|10.140.178.78|plain_text
node|servers|0|38004|38004|und|0|10.140.178.202|plain_text
node|servers|0|38005|38005|und|0|10.140.178.201|plain_text
node|servers|0|38009|38009|und|0|10.140.177.164|plain_text
node|servers|0|38015|38015|und|0|10.140.177.166|plain_text
node|servers|0|38016|38016|und|0|10.140.177.165|plain_text
node|servers|0|38025|38025|und|0|10.140.177.167|plain_text
node|servers|0|38099|38099|und|0|10.140.177.172|plain_text
node|servers|0|38107|38107|und|0|10.140.177.173|plain_text
node|servers|0|38118|38118|und|0|10.140.178.203|plain_text
node|servers|0|38125|38125|und|0|10.140.177.169|plain_text
node|servers|0|38152|38152|und|0|10.140.177.177|plain_text
node|servers|0|38195|38195|und|0|10.140.178.204|plain_text
node|servers|0|38199|38199|und|0|10.140.178.207|plain_text
node|servers|0|38200|38200|und|0|10.140.178.205|plain_text
node|servers|0|38201|38201|und|0|10.140.178.206|plain_text
node|servers|0|38247|38247|und|0|10.140.178.208|plain_text
node|servers|0|38252|38252|und|0|10.140.178.209|plain_text
node|servers|0|38254|38254|und|0|10.140.178.210|plain_text
node|servers|0|38262|38262|und|0|10.140.178.209|plain_text
node|servers|0|38265|38265|und|0|10.140.178.110|plain_text
node|servers|0|38279|38279|und|0|10.140.178.110|plain_text
node|servers|0|38285|38285|und|0|10.140.178.211|plain_text
node|servers|0|38301|38301|und|0|10.140.177.22|plain_text
node|servers|0|38305|38305|und|0|10.140.178.77|plain_text
node|servers|0|38308|38308|und|0|10.140.178.212|plain_text
node|servers|0|38318|38318|und|0|10.140.177.41|plain_text
node|servers|0|38322|38322|und|0|10.140.178.213|plain_text
node|servers|0|38336|38336|und|0|10.140.178.214|plain_text
node|servers|0|38361|38361|und|0|10.140.177.78|plain_text
node|servers|0|38371|38371|und|0|10.140.177.80|plain_text
node|servers|0|38374|38374|und|0|10.140.177.150|plain_text
node|servers|0|38377|38377|und|0|10.140.178.215|plain_text
node|servers|0|38393|38393|und|0|10.140.176.83|plain_text
node|servers|0|38394|38394|und|0|10.140.177.150|plain_text
node|servers|0|38395|38395|und|0|10.140.177.166|plain_text
node|servers|0|38396|38396|und|0|10.140.177.160|plain_text
node|servers|0|38411|38411|und|0|10.140.177.168|plain_text
node|servers|0|38416|38416|und|0|10.140.177.169|plain_text
node|servers|0|38418|38418|und|0|10.140.177.170|plain_text
node|servers|0|38452|38452|und|0|10.140.177.17|plain_text
node|servers|0|38510|38510|und|0|10.140.177.17|plain_text
node|servers|0|38515|38515|und|0|10.140.177.17|plain_text
node|servers|0|38534|38534|und|0|10.140.178.215|plain_text
node|servers|0|38538|38538|und|0|10.140.178.216|plain_text
node|servers|0|38541|38541|und|0|10.140.178.217|plain_text
node|servers|0|38553|38553|und|0|10.140.177.41|plain_text
node|servers|0|38572|38572|und|0|10.140.177.174|plain_text
node|servers|0|38577|38577|und|0|10.140.177.175|plain_text
node|servers|0|38578|38578|und|0|10.140.177.176|plain_text
node|servers|0|38591|38591|und|0|10.140.177.177|plain_text
node|servers|0|38594|38594|und|0|10.140.177.178|plain_text
node|servers|0|38598|38598|und|0|10.140.177.179|plain_text
node|servers|0|38602|38602|und|0|10.140.177.180|plain_text
node|servers|0|38604|38604|und|0|10.140.177.181|plain_text
node|servers|0|38625|38625|und|0|10.140.178.99|plain_text
node|servers|0|38628|38628|und|0|10.140.176.63|plain_text
node|servers|0|38638|38638|und|0|10.140.178.99|plain_text
node|servers|0|38645|38645|und|0|10.140.178.218|plain_text
node|servers|0|38755|38755|und|0|10.140.178.4|plain_text
node|servers|0|38799|38799|und|0|10.140.178.99|plain_text
node|servers|0|38800|38800|und|0|10.140.178.101|plain_text
node|servers|0|38801|38801|und|0|10.140.178.140|plain_text
node|servers|0|38802|38802|und|0|10.140.178.197|plain_text
node|servers|0|38803|38803|und|0|10.140.178.170|plain_text
node|servers|0|38804|38804|und|0|10.140.178.220|plain_text
node|servers|0|38805|38805|und|0|10.140.178.219|plain_text
node|servers|0|38806|38806|und|0|10.140.178.221|plain_text
node|servers|0|38807|38807|und|0|10.140.176.120|plain_text
node|servers|0|38808|38808|und|0|10.140.178.222|plain_text
node|servers|0|38861|38861|und|0|10.140.178.92|\N
node|servers|0|38865|38865|und|0|10.140.178.110|plain_text
node|servers|0|38868|38868|und|0|10.140.178.196|plain_text
node|servers|0|38881|38881|und|0|10.140.178.196|plain_text
node|servers|0|38884|38884|und|0|10.140.178.223|plain_text
node|servers|0|38888|38888|und|0|10.140.178.224|plain_text
node|servers|0|38896|38896|und|0|10.140.176.12|plain_text
node|servers|0|38897|38897|und|0|10.140.176.105|plain_text
node|servers|0|38900|38900|und|0|10.140.176.118|plain_text
node|servers|0|38911|38911|und|0|10.140.178.225|plain_text
node|servers|0|38923|38923|und|0|10.140.176.80|plain_text
node|servers|0|38924|38924|und|0|10.140.176.30|plain_text
node|servers|0|38951|38951|und|0|10.140.178.226|plain_text
node|servers|0|38974|38974|und|0|10.140.176.96|plain_text
node|servers|0|38996|38996|und|0|10.140.178.59|plain_text
node|servers|0|39001|39001|und|0|10.140.178.96|plain_text
node|servers|0|39005|39005|und|0|10.140.178.96|\N
node|servers|0|39013|39013|und|0|10.140.178.118|\N
node|servers|0|39017|39017|und|0|10.140.178.227|plain_text
node|servers|0|39030|39030|und|0|10.140.178.228|plain_text
node|servers|0|39031|39031|und|0|10.140.178.229|plain_text
node|servers|0|39062|39062|und|0|10.140.176.80|plain_text
node|servers|0|39066|39066|und|0|10.140.176.80|plain_text
node|servers|0|39070|39070|und|0|10.140.176.118|plain_text
node|servers|0|39082|39082|und|0|10.140.176.124|plain_text
node|servers|0|39086|39086|und|0|10.140.176.134|plain_text
node|servers|0|39091|39091|und|0|10.140.176.134|plain_text
node|servers|0|39094|39094|und|0|10.140.176.138|plain_text
node|servers|0|39101|39101|und|0|10.140.176.134|plain_text
node|servers|0|39125|39125|und|0|10.140.176.79|plain_text
node|servers|0|39138|39138|und|0|10.140.176.90|plain_text
node|servers|0|39141|39141|und|0|10.140.176.90|plain_text
node|servers|0|39154|39154|und|0|10.140.178.26|plain_text
node|servers|0|39172|39172|und|0|10.140.178.230|plain_text
node|servers|0|39189|39189|und|0|10.140.176.227|plain_text
node|servers|0|39199|39199|und|0|10.140.176.236|plain_text
node|servers|0|39220|39220|und|0|10.140.178.1|plain_text
node|servers|0|39232|39232|und|0|10.140.176.161|plain_text
node|servers|0|39236|39236|und|0|10.140.176.255|plain_text
node|servers|0|39240|39240|und|0|10.140.177.17|plain_text
node|servers|0|39245|39245|und|0|10.140.177.18|plain_text
node|servers|0|39248|39248|und|0|10.140.177.42|plain_text
node|servers|0|39256|39256|und|0|10.140.177.50|plain_text
node|servers|0|39259|39259|und|0|10.140.177.55|plain_text
node|servers|0|39262|39262|und|0|10.140.176.121|plain_text
node|servers|0|39267|39267|und|0|10.140.177.56|plain_text
node|servers|0|39277|39277|und|0|10.140.178.138|plain_text
node|servers|0|39280|39280|und|0|10.140.178.231|plain_text
node|servers|0|39285|39285|und|0|10.140.176.24|plain_text
node|servers|0|39296|39296|und|0|10.140.178.232|plain_text
node|servers|0|39307|39307|und|0|10.140.178.233|plain_text
node|servers|0|39326|39326|und|0|10.140.176.24|plain_text
node|servers|0|39332|39332|und|0|10.140.178.234|plain_text
node|servers|0|39348|39348|und|0|10.140.176.170|plain_text
node|servers|0|39357|39357|und|0|10.140.178.217|plain_text
node|servers|0|39363|39363|und|0|10.140.178.235|plain_text
node|servers|0|39367|39367|und|0|10.140.176.170|plain_text
node|servers|0|39381|39381|und|0|10.140.178.237|plain_text
node|servers|0|39389|39389|und|0|10.140.176.254|plain_text
node|servers|0|39390|39390|und|0|10.140.177.55|plain_text
node|servers|0|39403|39403|und|0|10.140.177.61|plain_text
node|servers|0|39407|39407|und|0|10.140.177.62|plain_text
node|servers|0|39412|39412|und|0|10.140.178.238|plain_text
node|servers|0|39417|39417|und|0|10.140.177.67|plain_text
node|servers|0|39418|39418|und|0|10.140.177.68|plain_text
node|servers|0|39421|39421|und|0|10.140.178.239|plain_text
node|servers|0|39422|39422|und|0|10.140.178.240|plain_text
node|servers|0|39427|39427|und|0|10.140.178.241|plain_text
node|servers|0|39447|39447|und|0|10.140.176.70|plain_text
node|servers|0|39458|39458|und|0|10.140.177.69|plain_text
node|servers|0|39485|39485|und|0|10.140.178.236|plain_text
node|servers|0|39489|39489|und|0|10.140.177.69|plain_text
node|servers|0|39493|39493|und|0|10.140.178.242|plain_text
node|servers|0|39497|39497|und|0|10.140.177.83|plain_text
node|servers|0|39500|39500|und|0|10.140.177.85|plain_text
node|servers|0|39501|39501|und|0|10.140.177.86|plain_text
node|servers|0|39509|39509|und|0|10.140.177.101|plain_text
node|servers|0|39512|39512|und|0|10.140.178.243|plain_text
node|servers|0|39515|39515|und|0|10.140.177.120|plain_text
node|servers|0|39521|39521|und|0|10.140.177.143|plain_text
node|servers|0|39537|39537|und|0|10.140.178.247|plain_text
node|servers|0|39538|39538|und|0|10.140.178.248|plain_text
node|servers|0|39539|39539|und|0|10.140.178.244|plain_text
node|servers|0|39540|39540|und|0|10.140.178.246|plain_text
node|servers|0|39548|39548|und|0|10.140.178.245|plain_text
node|servers|0|39551|39551|und|0|10.140.176.97|plain_text
node|servers|0|39601|39601|und|0|10.140.177.147|plain_text
node|servers|0|39618|39618|und|0|10.140.176.100|plain_text
node|servers|0|39629|39629|und|0|10.140.178.32|plain_text
node|servers|0|39633|39633|und|0|10.140.178.62|plain_text
node|servers|0|39638|39638|und|0|10.140.178.67|plain_text
node|servers|0|39643|39643|und|0|10.140.178.100|plain_text
node|servers|0|39664|39664|und|0|10.140.177.154|plain_text
node|servers|0|39665|39665|und|0|10.140.177.72|plain_text
node|servers|0|39666|39666|und|0|10.140.177.71|plain_text
node|servers|0|39677|39677|und|0|10.140.177.171|plain_text
node|servers|0|39685|39685|und|0|10.140.177.182|plain_text
node|servers|0|39692|39692|und|0|10.140.177.77|plain_text
node|servers|0|39697|39697|und|0|10.140.177.77|plain_text
node|servers|0|39713|39713|und|0|10.140.178.67|plain_text
node|servers|0|39719|39719|und|0|10.140.176.255|plain_text
node|servers|0|39725|39725|und|0|10.140.177.183|plain_text
node|servers|0|39739|39739|und|0|10.140.177.184|plain_text
node|servers|0|39750|39750|und|0|10.140.178.79|plain_text
node|servers|0|39756|39756|und|0|10.140.180.2|plain_text
node|servers|0|39761|39761|und|0|10.140.180.3|plain_text
node|servers|0|39765|39765|und|0|10.140.177.186|plain_text
node|servers|0|39779|39779|und|0|10.140.176.34|plain_text
node|servers|0|39788|39788|und|0|10.140.178.43|plain_text
node|servers|0|39790|39790|und|0|10.140.177.148|plain_text
node|servers|0|39829|39829|und|0|10.140.178.166|plain_text
node|servers|0|39839|39839|und|0|10.140.177.184|plain_text
node|servers|0|39865|39865|und|0|10.140.178.67|plain_text
node|servers|0|39866|39866|und|0|10.140.178.249|plain_text
node|servers|0|39874|39874|und|0|10.140.176.7|plain_text
node|servers|0|39876|39876|und|0|10.140.176.52|plain_text
node|servers|0|39890|39890|und|0|10.140.176.12|plain_text
node|servers|0|39891|39891|und|0|10.140.176.105|plain_text
node|servers|0|39892|39892|und|0|10.140.176.169|plain_text
node|servers|0|39893|39893|und|0|10.140.177.185|\N
node|servers|0|39900|39900|und|0|10.140.177.186|plain_text
node|servers|0|39923|39923|und|0|10.140.180.4|plain_text
node|servers|0|39940|39940|und|0|10.140.178.250|plain_text
node|servers|0|39942|39942|und|0|10.140.176.35|plain_text
node|servers|0|39948|39948|und|0|10.140.176.53|plain_text
node|servers|0|39949|39949|und|0|10.140.176.54|plain_text
node|servers|0|39953|39953|und|0|10.140.178.251|plain_text
node|servers|0|39956|39956|und|0|10.140.176.64|plain_text
node|servers|0|39977|39977|und|0|10.140.176.67|plain_text
node|servers|0|39978|39978|und|0|10.140.176.69|plain_text
node|servers|0|39980|39980|und|0|10.140.178.252|plain_text
node|servers|0|39981|39981|und|0|10.140.176.76|plain_text
node|servers|0|39984|39984|und|0|10.140.176.177|plain_text
node|servers|0|39993|39993|und|0|10.140.176.76|plain_text
node|servers|0|40012|40012|und|0|10.140.185.20|\N
node|servers|0|40017|40017|und|0|10.140.177.242|\N
node|servers|0|40018|40018|und|0|10.140.179.20|\N
node|servers|0|40019|40019|und|0|10.140.179.21|\N
node|servers|0|40037|40037|und|0|10.140.178.80|plain_text
node|servers|0|40048|40048|und|0|10.140.178.81|plain_text
node|servers|0|40067|40067|und|0|10.140.177.188|plain_text
node|servers|0|40072|40072|und|0|10.140.178.253|plain_text
node|servers|0|40109|40109|und|0|10.140.176.143|plain_text
node|servers|0|40119|40119|und|0|10.140.177.188|plain_text
node|servers|0|40125|40125|und|0|10.140.177.189|plain_text
node|servers|0|40158|40158|und|0|10.140.178.254|plain_text
node|servers|0|40159|40159|und|0|10.140.178.255|plain_text
node|servers|0|40167|40167|und|0|10.140.179.0|plain_text
node|servers|0|40168|40168|und|0|10.140.179.1|plain_text
node|servers|0|40175|40175|und|0|10.140.176.34|plain_text
node|servers|0|40178|40178|und|0|10.140.176.87|plain_text
node|servers|0|40181|40181|und|0|10.140.177.192|plain_text
node|servers|0|40193|40193|und|0|10.140.179.2|plain_text
node|servers|0|40194|40194|und|0|10.140.179.3|plain_text
node|servers|0|40195|40195|und|0|10.140.179.4|plain_text
node|servers|0|40208|40208|und|0|10.140.177.189|plain_text
node|servers|0|40209|40209|und|0|10.140.177.193|plain_text
node|servers|0|40294|40294|und|0|10.140.179.8|plain_text
node|servers|0|40295|40295|und|0|10.140.179.6|plain_text
node|servers|0|40296|40296|und|0|10.140.179.5|plain_text
node|servers|0|40297|40297|und|0|10.140.179.7|plain_text
node|servers|0|40305|40305|und|0|10.140.179.9|plain_text
node|servers|0|40376|40376|und|0|10.140.178.6|plain_text
node|servers|0|40380|40380|und|0|10.140.176.109|plain_text
node|servers|0|40385|40385|und|0|10.140.178.29|plain_text
node|servers|0|40389|40389|und|0|10.140.178.197|plain_text
node|servers|0|40391|40391|und|0|10.140.178.221|plain_text
node|servers|0|40399|40399|und|0|10.140.179.12|plain_text
node|servers|0|40400|40400|und|0|10.140.179.11|plain_text
node|servers|0|40401|40401|und|0|10.140.179.10|plain_text
node|servers|0|40406|40406|und|0|10.140.179.23|\N
node|servers|0|40407|40407|und|0|10.140.179.22|\N
node|servers|0|40409|40409|und|0|10.140.179.13|plain_text
node|servers|0|40421|40421|und|0|10.140.179.14|plain_text
node|servers|0|40425|40425|und|0|10.140.179.25|\N
node|servers|0|40426|40426|und|0|10.140.179.24|\N
node|servers|0|40467|40467|und|0|10.140.178.243|plain_text
node|servers|0|40478|40478|und|0|10.140.179.17|plain_text
node|servers|0|40479|40479|und|0|10.140.179.16|plain_text
node|servers|0|40483|40483|und|0|10.140.179.15|plain_text
node|servers|0|40491|40491|und|0|10.140.179.18|plain_text
node|servers|0|40503|40503|und|0|10.140.179.19|plain_text
node|servers|0|40509|40509|und|0|10.140.179.26|\N
node|servers|0|40511|40511|und|0|10.140.179.27|\N
node|servers|0|40512|40512|und|0|10.140.179.28|\N
node|servers|0|40513|40513|und|0|10.140.179.29|\N
node|servers|0|40515|40515|und|0|10.140.176.33|plain_text
node|servers|0|40520|40520|und|0|10.140.176.33|plain_text
node|servers|0|40526|40526|und|0|10.140.179.20|plain_text
node|servers|0|40532|40532|und|0|10.140.179.20|plain_text
node|servers|0|40536|40536|und|0|10.140.179.21|plain_text
node|servers|0|40559|40559|und|0|10.140.179.30|plain_text
node|servers|0|40569|40569|und|0|10.140.179.31|plain_text
node|servers|0|40580|40580|und|0|10.140.179.30|plain_text
node|servers|0|40583|40583|und|0|10.140.179.30|plain_text
node|servers|0|40598|40598|und|0|10.140.179.32|plain_text
node|servers|0|40603|40603|und|0|10.140.179.33|plain_text
node|servers|0|40619|40619|und|0|10.140.179.31|plain_text
node|servers|0|40630|40630|und|0|10.140.176.95|plain_text
node|servers|0|40635|40635|und|0|10.140.176.108|plain_text
node|servers|0|40640|40640|und|0|10.140.176.108|plain_text
node|servers|0|40660|40660|und|0|10.140.178.29|plain_text
node|servers|0|40677|40677|und|0|10.140.179.34|plain_text
node|servers|0|40680|40680|und|0|10.140.179.35|plain_text
node|servers|0|40700|40700|und|0|10.140.179.30|plain_text
node|servers|0|40726|40726|und|0|10.140.176.47|plain_text
node|servers|0|40733|40733|und|0|10.140.176.73|plain_text
node|servers|0|40736|40736|und|0|10.140.176.103|plain_text
node|servers|0|40744|40744|und|0|10.140.176.116|plain_text
node|servers|0|40747|40747|und|0|10.140.176.113|plain_text
node|servers|0|40751|40751|und|0|10.140.179.35|plain_text
node|servers|0|40795|40795|und|0|10.140.179.36|plain_text
node|servers|0|40799|40799|und|0|10.140.176.73|plain_text
node|servers|0|40809|40809|und|0|10.140.176.73|plain_text
node|servers|0|40813|40813|und|0|10.140.179.37|plain_text
node|servers|0|40818|40818|und|0|10.140.176.113|plain_text
node|servers|0|40819|40819|und|0|10.140.176.116|plain_text
node|servers|0|40839|40839|und|0|10.140.176.50|plain_text
node|servers|0|40842|40842|und|0|10.140.178.71|plain_text
node|servers|0|40858|40858|und|0|10.140.178.124|plain_text
node|servers|0|40893|40893|und|0|10.140.178.124|plain_text
node|servers|0|40897|40897|und|0|10.140.179.38|plain_text
node|servers|0|40898|40898|und|0|10.140.179.37|plain_text
node|servers|0|40911|40911|und|0|10.140.176.127|plain_text
node|servers|0|40940|40940|und|0|10.140.176.127|plain_text
node|servers|0|40946|40946|und|0|10.140.176.127|plain_text
node|servers|0|40948|40948|und|0|10.140.179.41|plain_text
node|servers|0|40949|40949|und|0|10.140.179.42|plain_text
node|servers|0|40950|40950|und|0|10.140.179.39|plain_text
node|servers|0|40951|40951|und|0|10.140.179.40|plain_text
node|servers|0|40962|40962|und|0|10.140.176.62|plain_text
node|servers|0|40969|40969|und|0|10.140.176.62|plain_text
node|servers|0|40975|40975|und|0|10.140.179.38|plain_text
node|servers|0|40979|40979|und|0|10.140.179.43|plain_text
node|servers|0|40985|40985|und|0|10.140.176.62|plain_text
node|servers|0|40991|40991|und|0|10.140.179.43|plain_text
node|servers|0|41009|41009|und|0|10.140.176.62|plain_text
node|servers|0|41031|41031|und|0|10.140.178.10|plain_text
node|servers|0|41114|41114|und|0|10.140.178.16|plain_text
node|servers|0|41156|41156|und|0|10.140.178.123|\N
node|servers|0|41158|41158|und|0|10.140.177.240|\N
node|servers|0|41159|41159|und|0|10.140.178.123|\N
node|servers|0|41161|41161|und|0|10.140.178.181|\N
node|servers|0|41164|41164|und|0|10.140.178.2|\N
node|servers|0|41168|41168|und|0|10.140.177.211|\N
node|servers|0|41169|41169|und|0|10.140.179.49|\N
node|servers|0|41174|41174|und|0|10.140.178.73|\N
node|servers|0|41176|41176|und|0|10.140.178.22|\N
node|servers|0|41183|41183|und|0|10.140.178.37|\N
node|servers|0|41197|41197|und|0|10.140.179.57|\N
node|servers|0|41206|41206|und|0|10.140.177.212|\N
node|servers|0|41228|41228|und|0|10.140.177.38|\N
node|servers|0|41254|41254|und|0|10.140.179.150|\N
node|servers|0|41333|41333|und|0|10.140.179.184|\N
node|servers|0|41335|41335|und|0|10.140.179.185|\N
node|servers|0|41336|41336|und|0|10.140.179.186|\N
node|servers|0|41378|41378|und|0|10.140.177.121|\N
