field_collection_item|field_server_configuratie1|0|32|32|und|0|33|33
field_collection_item|field_server_configuratie|0|58|58|und|0|59|59
field_collection_item|field_server_configuratie|0|61|61|und|0|62|62
field_collection_item|field_server_configuratie|0|64|64|und|0|65|65
field_collection_item|field_server_configuratie1|0|67|67|und|0|68|68
field_collection_item|field_server_configuratie|0|70|70|und|0|71|71
field_collection_item|field_server_configuratie1|0|73|73|und|0|75|75
field_collection_item|field_server_configuratie|0|81|81|und|0|82|82
field_collection_item|field_server_configuratie1|0|89|89|und|0|91|91
field_collection_item|field_server_configuratie1|0|92|92|und|0|94|94
field_collection_item|field_server_configuratie1|0|95|95|und|0|97|97
field_collection_item|field_server_configuratie1|0|101|101|und|0|102|102
field_collection_item|field_server_configuratie1|0|107|107|und|0|108|108
field_collection_item|field_server_configuratie|0|110|110|und|0|111|111
field_collection_item|field_server_configuratie1|0|113|113|und|0|114|114
field_collection_item|field_server_configuratie|0|115|115|und|0|116|116
field_collection_item|field_server_configuratie|0|119|119|und|0|120|120
field_collection_item|field_server_configuratie1|0|121|121|und|0|122|122
field_collection_item|field_server_configuratie1|0|123|123|und|0|124|124
field_collection_item|field_server_configuratie1|0|128|128|und|0|129|129
field_collection_item|field_server_configuratie|0|133|133|und|0|134|134
field_collection_item|field_server_configuratie|0|135|135|und|0|136|136
field_collection_item|field_server_configuratie1|0|154|154|und|0|155|155
field_collection_item|field_server_configuratie1|0|156|156|und|0|157|157
field_collection_item|field_server_configuratie|0|158|158|und|0|159|159
field_collection_item|field_server_configuratie1|0|170|170|und|0|171|171
field_collection_item|field_server_configuratie|0|172|172|und|0|173|173
field_collection_item|field_server_configuratie1|0|174|174|und|0|175|175
field_collection_item|field_server_configuratie1|0|188|188|und|0|190|190
field_collection_item|field_server_configuratie1|0|191|191|und|0|193|193
field_collection_item|field_server_configuratie|0|194|194|und|0|195|195
field_collection_item|field_server_configuratie1|0|197|197|und|0|199|199
field_collection_item|field_server_configuratie|0|200|200|und|0|201|201
field_collection_item|field_server_configuratie1|0|202|202|und|0|204|204
field_collection_item|field_server_configuratie1|0|205|205|und|0|207|207
field_collection_item|field_server_configuratie1|0|208|208|und|0|213|213
field_collection_item|field_server_configuratie|0|231|231|und|0|232|232
field_collection_item|field_server_configuratie1|0|234|234|und|0|235|235
field_collection_item|field_server_configuratie1|0|236|236|und|0|237|237
field_collection_item|field_server_configuratie1|0|238|238|und|0|239|239
field_collection_item|field_server_configuratie1|0|240|240|und|0|241|241
field_collection_item|field_server_configuratie1|0|242|242|und|0|243|243
field_collection_item|field_server_configuratie1|0|244|244|und|0|245|245
field_collection_item|field_server_configuratie1|0|248|248|und|0|249|249
field_collection_item|field_server_configuratie1|0|250|250|und|0|251|251
field_collection_item|field_server_configuratie|0|252|252|und|0|253|253
field_collection_item|field_server_configuratie1|0|254|254|und|0|255|255
field_collection_item|field_server_configuratie1|0|256|256|und|0|257|257
field_collection_item|field_server_configuratie1|0|258|258|und|0|259|259
field_collection_item|field_server_configuratie1|0|260|260|und|0|261|261
field_collection_item|field_server_configuratie1|0|262|262|und|0|263|263
field_collection_item|field_server_configuratie1|0|264|264|und|0|265|265
field_collection_item|field_server_configuratie1|0|266|266|und|0|267|267
field_collection_item|field_server_configuratie1|0|268|268|und|0|269|269
field_collection_item|field_server_configuratie1|0|270|270|und|0|272|272
field_collection_item|field_server_configuratie1|0|273|273|und|0|275|275
field_collection_item|field_server_configuratie1|0|276|276|und|0|278|278
field_collection_item|field_server_configuratie1|0|279|279|und|0|281|281
field_collection_item|field_server_configuratie1|0|282|282|und|0|284|284
field_collection_item|field_server_configuratie1|0|285|285|und|0|287|287
field_collection_item|field_server_configuratie1|0|288|288|und|0|290|290
field_collection_item|field_server_configuratie1|0|291|291|und|0|292|292
field_collection_item|field_server_configuratie1|0|293|293|und|0|294|294
field_collection_item|field_server_configuratie|0|295|295|und|0|296|296
field_collection_item|field_server_configuratie1|0|297|297|und|0|298|298
field_collection_item|field_server_configuratie1|0|299|299|und|0|300|300
field_collection_item|field_server_configuratie1|0|301|301|und|0|302|302
field_collection_item|field_server_configuratie1|0|303|303|und|0|304|304
field_collection_item|field_server_configuratie1|0|305|305|und|0|307|307
field_collection_item|field_server_configuratie1|0|308|308|und|0|310|310
field_collection_item|field_server_configuratie|0|311|311|und|0|312|312
field_collection_item|field_server_configuratie1|0|314|314|und|0|315|315
field_collection_item|field_server_configuratie1|0|318|318|und|0|319|319
field_collection_item|field_server_configuratie1|0|320|320|und|0|322|322
field_collection_item|field_server_configuratie1|0|323|323|und|0|324|324
field_collection_item|field_server_configuratie1|0|325|325|und|0|326|326
field_collection_item|field_server_configuratie1|0|327|327|und|0|328|328
field_collection_item|field_server_configuratie1|0|329|329|und|0|330|330
field_collection_item|field_server_configuratie1|0|331|331|und|0|333|333
field_collection_item|field_server_configuratie1|0|334|334|und|0|336|336
field_collection_item|field_server_configuratie1|0|337|337|und|0|340|340
field_collection_item|field_server_configuratie|0|341|341|und|0|342|342
field_collection_item|field_server_configuratie1|0|343|343|und|0|344|344
field_collection_item|field_server_configuratie1|0|345|345|und|0|347|347
field_collection_item|field_server_configuratie1|0|348|348|und|0|350|350
field_collection_item|field_server_configuratie1|0|351|351|und|0|353|353
field_collection_item|field_server_configuratie1|0|354|354|und|0|355|355
field_collection_item|field_server_configuratie1|0|356|356|und|0|357|357
field_collection_item|field_server_configuratie1|0|358|358|und|0|361|361
field_collection_item|field_server_configuratie1|0|362|362|und|0|363|363
field_collection_item|field_server_configuratie1|0|364|364|und|0|365|365
field_collection_item|field_server_configuratie|0|366|366|und|0|367|367
field_collection_item|field_server_configuratie1|0|368|368|und|0|369|369
field_collection_item|field_server_configuratie1|0|370|370|und|0|371|371
field_collection_item|field_server_configuratie1|0|372|372|und|0|373|373
field_collection_item|field_server_configuratie1|0|376|376|und|0|377|377
field_collection_item|field_server_configuratie1|0|378|378|und|0|379|379
field_collection_item|field_server_configuratie1|0|415|415|und|0|416|416
field_collection_item|field_server_configuratie1|0|417|417|und|0|419|419
field_collection_item|field_server_configuratie1|0|420|420|und|0|421|421
field_collection_item|field_server_configuratie1|0|422|422|und|0|423|423
field_collection_item|field_server_configuratie1|0|424|424|und|0|425|425
field_collection_item|field_server_configuratie1|0|426|426|und|0|427|427
field_collection_item|field_server_configuratie1|0|428|428|und|0|429|429
field_collection_item|field_server_configuratie1|0|430|430|und|0|431|431
field_collection_item|field_server_configuratie|0|432|432|und|0|433|433
field_collection_item|field_server_configuratie1|0|435|435|und|0|436|436
field_collection_item|field_server_configuratie1|0|437|437|und|0|438|438
field_collection_item|field_server_configuratie1|0|439|439|und|0|440|440
field_collection_item|field_server_configuratie1|0|441|441|und|0|442|442
field_collection_item|field_server_configuratie1|0|443|443|und|0|444|444
field_collection_item|field_server_configuratie1|0|445|445|und|0|446|446
field_collection_item|field_server_configuratie1|0|447|447|und|0|449|449
field_collection_item|field_server_configuratie1|0|450|450|und|0|452|452
field_collection_item|field_server_configuratie1|0|453|453|und|0|455|455
field_collection_item|field_server_configuratie1|0|456|456|und|0|458|458
field_collection_item|field_server_configuratie1|0|459|459|und|0|461|461
field_collection_item|field_server_configuratie1|0|462|462|und|0|463|463
field_collection_item|field_server_configuratie1|0|464|464|und|0|465|465
field_collection_item|field_server_configuratie1|0|466|466|und|0|467|467
field_collection_item|field_server_configuratie|0|468|468|und|0|469|469
field_collection_item|field_server_configuratie1|0|474|474|und|0|475|475
field_collection_item|field_server_configuratie|0|476|476|und|0|477|477
field_collection_item|field_server_configuratie1|0|479|479|und|0|480|480
field_collection_item|field_server_configuratie1|0|481|481|und|0|482|482
field_collection_item|field_server_configuratie|0|485|485|und|0|486|486
field_collection_item|field_server_configuratie1|0|492|492|und|0|493|493
field_collection_item|field_server_configuratie|0|495|495|und|0|496|496
field_collection_item|field_server_configuratie|0|498|498|und|0|499|499
field_collection_item|field_server_configuratie1|0|500|500|und|0|501|501
field_collection_item|field_server_configuratie|0|505|505|und|0|506|506
field_collection_item|field_server_configuratie1|0|508|508|und|0|510|510
field_collection_item|field_server_configuratie|0|514|514|und|0|515|515
field_collection_item|field_server_configuratie|0|517|517|und|0|518|518
field_collection_item|field_server_configuratie|0|524|524|und|0|525|525
field_collection_item|field_server_configuratie1|0|529|529|und|0|530|530
field_collection_item|field_server_configuratie|0|531|531|und|0|532|532
field_collection_item|field_server_configuratie|0|533|533|und|0|534|534
field_collection_item|field_server_configuratie|0|535|535|und|0|536|536
field_collection_item|field_server_configuratie|0|537|537|und|0|538|538
field_collection_item|field_server_configuratie|0|539|539|und|0|540|540
field_collection_item|field_server_configuratie|0|541|541|und|0|542|542
field_collection_item|field_server_configuratie|0|543|543|und|0|544|544
field_collection_item|field_server_configuratie|0|545|545|und|0|546|546
field_collection_item|field_server_configuratie|0|548|548|und|0|549|549
field_collection_item|field_server_configuratie|0|550|550|und|0|551|551
field_collection_item|field_server_configuratie|0|555|555|und|0|556|556
field_collection_item|field_server_configuratie|0|558|558|und|0|559|559
field_collection_item|field_server_configuratie1|0|561|561|und|0|562|562
field_collection_item|field_server_configuratie1|0|563|563|und|0|564|564
field_collection_item|field_server_configuratie1|0|565|565|und|0|566|566
field_collection_item|field_server_configuratie1|0|567|567|und|0|568|568
field_collection_item|field_server_configuratie1|0|569|569|und|0|570|570
field_collection_item|field_server_configuratie|0|571|571|und|0|572|572
field_collection_item|field_server_configuratie|0|574|574|und|0|575|575
field_collection_item|field_server_configuratie1|0|577|577|und|0|579|579
field_collection_item|field_server_configuratie1|0|580|580|und|0|582|582
field_collection_item|field_server_configuratie1|0|583|583|und|0|584|584
field_collection_item|field_server_configuratie|0|585|585|und|0|586|586
field_collection_item|field_server_configuratie|0|587|587|und|0|588|588
field_collection_item|field_server_configuratie|0|589|589|und|0|590|590
field_collection_item|field_server_configuratie|0|591|591|und|0|592|592
field_collection_item|field_server_configuratie1|0|593|593|und|0|595|595
field_collection_item|field_server_configuratie1|0|596|596|und|0|598|598
field_collection_item|field_server_configuratie1|0|599|599|und|0|601|601
field_collection_item|field_server_configuratie1|0|602|602|und|0|604|604
field_collection_item|field_server_configuratie1|0|605|605|und|0|607|607
field_collection_item|field_server_configuratie1|0|608|608|und|0|610|610
field_collection_item|field_server_configuratie1|0|611|611|und|0|613|613
field_collection_item|field_server_configuratie1|0|614|614|und|0|616|616
field_collection_item|field_server_configuratie1|0|617|617|und|0|619|619
field_collection_item|field_server_configuratie1|0|627|627|und|0|628|628
field_collection_item|field_server_configuratie1|0|631|631|und|0|632|632
field_collection_item|field_server_configuratie|0|634|634|und|0|635|635
field_collection_item|field_server_configuratie1|0|637|637|und|0|639|639
field_collection_item|field_server_configuratie1|0|640|640|und|0|641|641
field_collection_item|field_server_configuratie1|0|642|642|und|0|643|643
field_collection_item|field_server_configuratie|0|644|644|und|0|645|645
field_collection_item|field_server_configuratie1|0|648|648|und|0|649|649
field_collection_item|field_server_configuratie|0|650|650|und|0|651|651
field_collection_item|field_server_configuratie|0|653|653|und|0|654|654
field_collection_item|field_server_configuratie1|0|656|656|und|0|658|658
field_collection_item|field_server_configuratie1|0|659|659|und|0|661|661
field_collection_item|field_server_configuratie1|0|662|662|und|0|664|664
field_collection_item|field_server_configuratie1|0|665|665|und|0|667|667
field_collection_item|field_server_configuratie1|0|668|668|und|0|669|669
field_collection_item|field_server_configuratie|0|670|670|und|0|671|671
field_collection_item|field_server_configuratie|0|672|672|und|0|673|673
field_collection_item|field_server_configuratie|0|676|676|und|0|677|677
field_collection_item|field_server_configuratie|0|679|679|und|0|680|680
field_collection_item|field_server_configuratie|0|682|682|und|0|683|683
field_collection_item|field_server_configuratie1|0|687|687|und|0|689|689
field_collection_item|field_server_configuratie|0|690|690|und|0|691|691
field_collection_item|field_server_configuratie|0|694|694|und|0|695|695
field_collection_item|field_server_configuratie1|0|696|696|und|0|697|697
field_collection_item|field_server_configuratie1|0|702|702|und|0|704|704
field_collection_item|field_server_configuratie1|0|705|705|und|0|707|707
field_collection_item|field_server_configuratie1|0|708|708|und|0|710|710
field_collection_item|field_server_configuratie1|0|711|711|und|0|713|713
field_collection_item|field_server_configuratie|0|714|714|und|0|715|715
field_collection_item|field_server_configuratie|0|717|717|und|0|718|718
field_collection_item|field_server_configuratie|0|720|720|und|0|721|721
field_collection_item|field_server_configuratie1|0|723|723|und|0|725|725
field_collection_item|field_server_configuratie1|0|726|726|und|0|728|728
field_collection_item|field_server_configuratie1|0|729|729|und|0|731|731
field_collection_item|field_server_configuratie1|0|732|732|und|0|733|733
field_collection_item|field_server_configuratie|0|754|754|und|0|755|755
field_collection_item|field_server_configuratie1|0|757|757|und|0|759|759
field_collection_item|field_server_configuratie1|0|760|760|und|0|762|762
field_collection_item|field_server_configuratie1|0|763|763|und|0|765|765
field_collection_item|field_server_configuratie1|0|766|766|und|0|768|768
field_collection_item|field_server_configuratie1|0|769|769|und|0|771|771
field_collection_item|field_server_configuratie1|0|772|772|und|0|774|774
field_collection_item|field_server_configuratie|0|775|775|und|0|776|776
field_collection_item|field_server_configuratie1|0|778|778|und|0|780|780
field_collection_item|field_server_configuratie|0|781|781|und|0|782|782
field_collection_item|field_server_configuratie1|0|783|783|und|0|785|785
field_collection_item|field_server_configuratie1|0|786|786|und|0|788|788
field_collection_item|field_server_configuratie1|0|789|789|und|0|791|791
field_collection_item|field_server_configuratie|0|792|792|und|0|793|793
field_collection_item|field_server_configuratie1|0|795|795|und|0|797|797
field_collection_item|field_server_configuratie|0|798|798|und|0|799|799
field_collection_item|field_server_configuratie1|0|800|800|und|0|802|802
field_collection_item|field_server_configuratie1|0|803|803|und|0|806|806
field_collection_item|field_server_configuratie1|0|807|807|und|0|809|809
field_collection_item|field_server_configuratie1|0|810|810|und|0|812|812
field_collection_item|field_server_configuratie1|0|813|813|und|0|815|815
field_collection_item|field_server_configuratie1|0|816|816|und|0|818|818
field_collection_item|field_server_configuratie1|0|819|819|und|0|821|821
field_collection_item|field_server_configuratie1|0|822|822|und|0|824|824
field_collection_item|field_server_configuratie|0|825|825|und|0|826|826
field_collection_item|field_server_configuratie|0|827|827|und|0|828|828
field_collection_item|field_server_configuratie|0|836|836|und|0|837|837
field_collection_item|field_server_configuratie1|0|838|838|und|0|839|839
field_collection_item|field_server_configuratie|0|840|840|und|0|841|841
field_collection_item|field_server_configuratie|0|853|853|und|0|854|854
field_collection_item|field_server_configuratie|0|855|855|und|0|856|856
field_collection_item|field_server_configuratie|0|857|857|und|0|858|858
field_collection_item|field_server_configuratie|0|861|861|und|0|862|862
field_collection_item|field_server_configuratie1|0|864|864|und|0|866|866
field_collection_item|field_server_configuratie1|0|867|867|und|0|869|869
field_collection_item|field_server_configuratie1|0|870|870|und|0|872|872
field_collection_item|field_server_configuratie1|0|873|873|und|0|875|875
field_collection_item|field_server_configuratie|0|876|876|und|0|877|877
field_collection_item|field_server_configuratie1|0|879|879|und|0|881|881
field_collection_item|field_server_configuratie1|0|882|882|und|0|884|884
field_collection_item|field_server_configuratie1|0|885|885|und|0|887|887
field_collection_item|field_server_configuratie|0|888|888|und|0|889|889
field_collection_item|field_server_configuratie1|0|891|891|und|0|892|892
field_collection_item|field_server_configuratie|0|893|893|und|0|894|894
field_collection_item|field_server_configuratie1|0|895|895|und|0|897|897
field_collection_item|field_server_configuratie1|0|914|914|und|0|916|916
field_collection_item|field_server_configuratie|0|917|917|und|0|918|918
field_collection_item|field_server_configuratie1|0|922|922|und|0|924|924
field_collection_item|field_server_configuratie1|0|925|925|und|0|926|926
field_collection_item|field_server_configuratie1|0|927|927|und|0|929|929
field_collection_item|field_server_configuratie1|0|930|930|und|0|932|932
field_collection_item|field_server_configuratie|0|933|933|und|0|934|934
field_collection_item|field_server_configuratie1|0|935|935|und|0|937|937
field_collection_item|field_server_configuratie|0|938|938|und|0|939|939
field_collection_item|field_server_configuratie|0|942|942|und|0|943|943
field_collection_item|field_server_configuratie1|0|946|946|und|0|949|949
field_collection_item|field_server_configuratie1|0|950|950|und|0|953|953
field_collection_item|field_server_configuratie1|0|954|954|und|0|957|957
field_collection_item|field_server_configuratie1|0|958|958|und|0|961|961
field_collection_item|field_server_configuratie1|0|962|962|und|0|965|965
field_collection_item|field_server_configuratie1|0|966|966|und|0|970|970
field_collection_item|field_server_configuratie|0|971|971|und|0|972|972
field_collection_item|field_server_configuratie1|0|974|974|und|0|976|976
field_collection_item|field_server_configuratie1|0|977|977|und|0|979|979
field_collection_item|field_server_configuratie|0|980|980|und|0|981|981
field_collection_item|field_server_configuratie1|0|982|982|und|0|984|984
field_collection_item|field_server_configuratie1|0|985|985|und|0|987|987
field_collection_item|field_server_configuratie1|0|988|988|und|0|989|989
field_collection_item|field_server_configuratie1|0|990|990|und|0|994|994
field_collection_item|field_server_configuratie1|0|995|995|und|0|999|999
field_collection_item|field_server_configuratie1|0|1000|1000|und|0|1004|1004
field_collection_item|field_server_configuratie1|0|1005|1005|und|0|1009|1009
field_collection_item|field_server_configuratie1|0|1010|1010|und|0|1014|1014
field_collection_item|field_server_configuratie1|0|1015|1015|und|0|1019|1019
field_collection_item|field_server_configuratie1|0|1020|1020|und|0|1024|1024
field_collection_item|field_server_configuratie|0|1025|1025|und|0|1026|1026
field_collection_item|field_server_configuratie1|0|1027|1027|und|0|1028|1028
field_collection_item|field_server_configuratie1|0|1029|1029|und|0|1030|1030
field_collection_item|field_server_configuratie1|0|1031|1031|und|0|1032|1032
field_collection_item|field_server_configuratie1|0|1033|1033|und|0|1035|1035
field_collection_item|field_server_configuratie1|0|1036|1036|und|0|1038|1038
field_collection_item|field_server_configuratie1|0|1039|1039|und|0|1041|1041
field_collection_item|field_server_configuratie1|0|1042|1042|und|0|1044|1044
field_collection_item|field_server_configuratie1|0|1045|1045|und|0|1047|1047
field_collection_item|field_server_configuratie1|0|1048|1048|und|0|1050|1050
field_collection_item|field_server_configuratie|0|1054|1054|und|0|1055|1055
field_collection_item|field_server_configuratie1|0|1056|1056|und|0|1058|1058
field_collection_item|field_server_configuratie|0|1059|1059|und|0|1060|1060
field_collection_item|field_server_configuratie|0|1062|1062|und|0|1063|1063
field_collection_item|field_server_configuratie|0|1065|1065|und|0|1066|1066
field_collection_item|field_server_configuratie|0|1070|1070|und|0|1071|1071
field_collection_item|field_server_configuratie1|0|1074|1074|und|0|1076|1076
field_collection_item|field_server_configuratie1|0|1077|1077|und|0|1079|1079
field_collection_item|field_server_configuratie1|0|1080|1080|und|0|1084|1084
field_collection_item|field_server_configuratie1|0|1085|1085|und|0|1086|1086
field_collection_item|field_server_configuratie1|0|1087|1087|und|0|1088|1088
field_collection_item|field_server_configuratie1|0|1091|1091|und|0|1093|1093
field_collection_item|field_server_configuratie1|0|1094|1094|und|0|1096|1096
field_collection_item|field_server_configuratie|0|1097|1097|und|0|1098|1098
field_collection_item|field_server_configuratie|0|1100|1100|und|0|1101|1101
field_collection_item|field_server_configuratie1|0|1103|1103|und|0|1105|1105
field_collection_item|field_server_configuratie|0|1106|1106|und|0|1107|1107
field_collection_item|field_server_configuratie|0|1108|1108|und|0|1109|1109
field_collection_item|field_server_configuratie|0|1112|1112|und|0|1113|1113
field_collection_item|field_server_configuratie1|0|1116|1116|und|0|1117|1117
field_collection_item|field_server_configuratie1|0|1118|1118|und|0|1120|1120
field_collection_item|field_server_configuratie1|0|1121|1121|und|0|1123|1123
field_collection_item|field_server_configuratie1|0|1124|1124|und|0|1125|1125
field_collection_item|field_server_configuratie|0|1129|1129|und|0|1130|1130
field_collection_item|field_server_configuratie|0|1131|1131|und|0|1132|1132
field_collection_item|field_server_configuratie1|0|1135|1135|und|0|1137|1137
field_collection_item|field_server_configuratie1|0|1138|1138|und|0|1140|1140
field_collection_item|field_server_configuratie|0|1141|1141|und|0|1142|1142
field_collection_item|field_server_configuratie|0|1145|1145|und|0|1146|1146
field_collection_item|field_server_configuratie1|0|1149|1149|und|0|1150|1150
field_collection_item|field_server_configuratie|0|1151|1151|und|0|1152|1152
field_collection_item|field_server_configuratie|0|1155|1155|und|0|1156|1156
field_collection_item|field_server_configuratie1|0|1158|1158|und|0|1160|1160
field_collection_item|field_server_configuratie1|0|1161|1161|und|0|1163|1163
field_collection_item|field_server_configuratie1|0|1164|1164|und|0|1166|1166
field_collection_item|field_server_configuratie1|0|1167|1167|und|0|1169|1169
field_collection_item|field_server_configuratie1|0|1170|1170|und|0|1172|1172
field_collection_item|field_server_configuratie|0|1173|1173|und|0|1174|1174
field_collection_item|field_server_configuratie|0|1176|1176|und|0|1177|1177
field_collection_item|field_server_configuratie|0|1178|1178|und|0|1179|1179
field_collection_item|field_server_configuratie1|0|1181|1181|und|0|1183|1183
field_collection_item|field_server_configuratie|0|1184|1184|und|0|1185|1185
field_collection_item|field_server_configuratie1|0|1186|1186|und|0|1187|1187
field_collection_item|field_server_configuratie|0|1188|1188|und|0|1189|1189
field_collection_item|field_server_configuratie1|0|1191|1191|und|0|1193|1193
field_collection_item|field_server_configuratie|0|1194|1194|und|0|1195|1195
field_collection_item|field_server_configuratie1|0|1197|1197|und|0|1199|1199
field_collection_item|field_server_configuratie|0|1200|1200|und|0|1201|1201
field_collection_item|field_server_configuratie|0|1204|1204|und|0|1205|1205
field_collection_item|field_server_configuratie|0|1207|1207|und|0|1208|1208
field_collection_item|field_server_configuratie|0|1210|1210|und|0|1211|1211
field_collection_item|field_server_configuratie|0|1213|1213|und|0|1214|1214
field_collection_item|field_server_configuratie1|0|1216|1216|und|0|1218|1218
field_collection_item|field_server_configuratie1|0|1219|1219|und|0|1221|1221
field_collection_item|field_server_configuratie1|0|1222|1222|und|0|1224|1224
field_collection_item|field_server_configuratie1|0|1225|1225|und|0|1227|1227
field_collection_item|field_server_configuratie|0|1228|1228|und|0|1229|1229
field_collection_item|field_server_configuratie|0|1231|1231|und|0|1232|1232
field_collection_item|field_server_configuratie|0|1234|1234|und|0|1235|1235
field_collection_item|field_server_configuratie1|0|1237|1237|und|0|1238|1238
field_collection_item|field_server_configuratie|0|1239|1239|und|0|1240|1240
field_collection_item|field_server_configuratie|0|1242|1242|und|0|1243|1243
field_collection_item|field_server_configuratie|0|1245|1245|und|0|1246|1246
field_collection_item|field_server_configuratie|0|1248|1248|und|0|1249|1249
field_collection_item|field_server_configuratie|0|1251|1251|und|0|1252|1252
field_collection_item|field_server_configuratie1|0|1254|1254|und|0|1256|1256
field_collection_item|field_server_configuratie1|0|1257|1257|und|0|1259|1259
field_collection_item|field_server_configuratie1|0|1260|1260|und|0|1262|1262
field_collection_item|field_server_configuratie1|0|1263|1263|und|0|1274|1274
field_collection_item|field_server_configuratie|0|1275|1275|und|0|1276|1276
field_collection_item|field_server_configuratie|0|1277|1277|und|0|1278|1278
field_collection_item|field_server_configuratie|0|1281|1281|und|0|1282|1282
field_collection_item|field_server_configuratie|0|1284|1284|und|0|1285|1285
field_collection_item|field_server_configuratie|0|1287|1287|und|0|1288|1288
field_collection_item|field_server_configuratie|0|1290|1290|und|0|1291|1291
field_collection_item|field_server_configuratie1|0|1293|1293|und|0|1294|1294
field_collection_item|field_server_configuratie|0|1295|1295|und|0|1296|1296
field_collection_item|field_server_configuratie|0|1298|1298|und|0|1299|1299
field_collection_item|field_server_configuratie|0|1300|1300|und|0|1301|1301
field_collection_item|field_server_configuratie|0|1302|1302|und|0|1303|1303
field_collection_item|field_server_configuratie|0|1304|1304|und|0|1305|1305
field_collection_item|field_server_configuratie1|0|1310|1310|und|0|1312|1312
field_collection_item|field_server_configuratie1|0|1313|1313|und|0|1315|1315
field_collection_item|field_server_configuratie1|0|1316|1316|und|0|1318|1318
field_collection_item|field_server_configuratie1|0|1319|1319|und|0|1321|1321
field_collection_item|field_server_configuratie1|0|1322|1322|und|0|1324|1324
field_collection_item|field_server_configuratie1|0|1325|1325|und|0|1327|1327
field_collection_item|field_server_configuratie1|0|1328|1328|und|0|1330|1330
field_collection_item|field_server_configuratie1|0|1331|1331|und|0|1333|1333
field_collection_item|field_server_configuratie|0|1334|1334|und|0|1335|1335
field_collection_item|field_server_configuratie1|0|1339|1339|und|0|1342|1342
field_collection_item|field_server_configuratie1|0|1343|1343|und|0|1345|1345
field_collection_item|field_server_configuratie1|0|1346|1346|und|0|1348|1348
field_collection_item|field_server_configuratie1|0|1349|1349|und|0|1351|1351
field_collection_item|field_server_configuratie1|0|1352|1352|und|0|1354|1354
field_collection_item|field_server_configuratie1|0|1358|1358|und|0|1360|1360
field_collection_item|field_server_configuratie1|0|1361|1361|und|0|1363|1363
field_collection_item|field_server_configuratie|0|1364|1364|und|0|1365|1365
field_collection_item|field_server_configuratie1|0|1367|1367|und|0|1369|1369
field_collection_item|field_server_configuratie|0|1370|1370|und|0|1371|1371
field_collection_item|field_server_configuratie|0|1374|1374|und|0|1375|1375
field_collection_item|field_server_configuratie|0|1380|1380|und|0|1381|1381
field_collection_item|field_server_configuratie|0|1384|1384|und|0|1385|1385
field_collection_item|field_server_configuratie|0|1388|1388|und|0|1389|1389
field_collection_item|field_server_configuratie|0|1392|1392|und|0|1393|1393
field_collection_item|field_server_configuratie|0|1396|1396|und|0|1397|1397
field_collection_item|field_server_configuratie|0|1400|1400|und|0|1401|1401
field_collection_item|field_server_configuratie|0|1404|1404|und|0|1405|1405
field_collection_item|field_server_configuratie|0|1409|1409|und|0|1410|1410
field_collection_item|field_server_configuratie1|0|1413|1413|und|0|1414|1414
field_collection_item|field_server_configuratie|0|1415|1415|und|0|1416|1416
field_collection_item|field_server_configuratie|0|1419|1419|und|0|1420|1420
field_collection_item|field_server_configuratie|0|1422|1422|und|0|1423|1423
field_collection_item|field_server_configuratie|0|1425|1425|und|0|1426|1426
field_collection_item|field_server_configuratie|0|1428|1428|und|0|1429|1429
field_collection_item|field_server_configuratie|0|1431|1431|und|0|1432|1432
field_collection_item|field_server_configuratie1|0|1434|1434|und|0|1435|1435
field_collection_item|field_server_configuratie1|0|1436|1436|und|0|1437|1437
field_collection_item|field_server_configuratie1|0|1438|1438|und|0|1439|1439
field_collection_item|field_server_configuratie1|0|1445|1445|und|0|1448|1448
field_collection_item|field_server_configuratie1|0|1449|1449|und|0|1450|1450
field_collection_item|field_server_configuratie1|0|1451|1451|und|0|1452|1452
field_collection_item|field_server_configuratie|0|1453|1453|und|0|1454|1454
field_collection_item|field_server_configuratie1|0|1456|1456|und|0|1457|1457
field_collection_item|field_server_configuratie|0|1458|1458|und|0|1459|1459
field_collection_item|field_server_configuratie1|0|1461|1461|und|0|1463|1463
field_collection_item|field_server_configuratie1|0|1464|1464|und|0|1466|1466
field_collection_item|field_server_configuratie1|0|1467|1467|und|0|1469|1469
field_collection_item|field_server_configuratie|0|1470|1470|und|0|1471|1471
field_collection_item|field_server_configuratie|0|1473|1473|und|0|1474|1474
field_collection_item|field_server_configuratie|0|1476|1476|und|0|1477|1477
field_collection_item|field_server_configuratie1|0|1479|1479|und|0|1481|1481
field_collection_item|field_server_configuratie1|0|1482|1482|und|0|1484|1484
field_collection_item|field_server_configuratie1|0|1485|1485|und|0|1487|1487
field_collection_item|field_server_configuratie|0|1488|1488|und|0|1489|1489
field_collection_item|field_server_configuratie|0|1492|1492|und|0|1493|1493
field_collection_item|field_server_configuratie1|0|1496|1496|und|0|1498|1498
field_collection_item|field_server_configuratie1|0|1499|1499|und|0|1501|1501
field_collection_item|field_server_configuratie1|0|1502|1502|und|0|1504|1504
field_collection_item|field_server_configuratie1|0|1505|1505|und|0|1507|1507
field_collection_item|field_server_configuratie1|0|1508|1508|und|0|1510|1510
field_collection_item|field_server_configuratie1|0|1515|1515|und|0|1517|1517
field_collection_item|field_server_configuratie1|0|1518|1518|und|0|1519|1519
field_collection_item|field_server_configuratie|0|1520|1520|und|0|1521|1521
field_collection_item|field_server_configuratie1|0|1522|1522|und|0|1523|1523
field_collection_item|field_server_configuratie|0|1524|1524|und|0|1525|1525
field_collection_item|field_server_configuratie|0|1526|1526|und|0|1527|1527
field_collection_item|field_server_configuratie1|0|1528|1528|und|0|1529|1529
field_collection_item|field_server_configuratie|0|1530|1530|und|0|1531|1531
field_collection_item|field_server_configuratie|0|1533|1533|und|0|1534|1534
field_collection_item|field_server_configuratie|0|1537|1537|und|0|1538|1538
field_collection_item|field_server_configuratie1|0|1540|1540|und|0|1542|1542
field_collection_item|field_server_configuratie1|0|1543|1543|und|0|1545|1545
field_collection_item|field_server_configuratie|0|1546|1546|und|0|1547|1547
field_collection_item|field_server_configuratie|0|1548|1548|und|0|1549|1549
field_collection_item|field_server_configuratie1|0|1550|1550|und|0|1551|1551
field_collection_item|field_server_configuratie1|0|1552|1552|und|0|1553|1553
field_collection_item|field_server_configuratie|0|1554|1554|und|0|1555|1555
field_collection_item|field_server_configuratie|0|1557|1557|und|0|1558|1558
field_collection_item|field_server_configuratie1|0|1559|1559|und|0|1560|1560
field_collection_item|field_server_configuratie|0|1561|1561|und|0|1562|1562
field_collection_item|field_server_configuratie1|0|1564|1564|und|0|1566|1566
field_collection_item|field_server_configuratie1|0|1567|1567|und|0|1568|1568
field_collection_item|field_server_configuratie|0|1569|1569|und|0|1570|1570
field_collection_item|field_server_configuratie1|0|1572|1572|und|0|1574|1574
field_collection_item|field_server_configuratie1|0|1575|1575|und|0|1578|1578
field_collection_item|field_server_configuratie1|0|1579|1579|und|0|1582|1582
field_collection_item|field_server_configuratie1|0|1583|1583|und|0|1586|1586
field_collection_item|field_server_configuratie1|0|1587|1587|und|0|1590|1590
field_collection_item|field_server_configuratie1|0|1591|1591|und|0|1594|1594
field_collection_item|field_server_configuratie|0|1595|1595|und|0|1596|1596
field_collection_item|field_server_configuratie1|0|1597|1597|und|0|1598|1598
field_collection_item|field_server_configuratie1|0|1599|1599|und|0|1600|1600
field_collection_item|field_server_configuratie1|0|1601|1601|und|0|1602|1602
field_collection_item|field_server_configuratie1|0|1603|1603|und|0|1604|1604
field_collection_item|field_server_configuratie1|0|1605|1605|und|0|1606|1606
field_collection_item|field_server_configuratie|0|1607|1607|und|0|1608|1608
field_collection_item|field_server_configuratie|0|1609|1609|und|0|1610|1610
field_collection_item|field_server_configuratie|0|1611|1611|und|0|1612|1612
field_collection_item|field_server_configuratie|0|1613|1613|und|0|1614|1614
field_collection_item|field_server_configuratie|0|1615|1615|und|0|1616|1616
field_collection_item|field_server_configuratie1|0|1617|1617|und|0|1618|1618
field_collection_item|field_server_configuratie|0|1619|1619|und|0|1620|1620
field_collection_item|field_server_configuratie1|0|1622|1622|und|0|1624|1624
field_collection_item|field_server_configuratie1|0|1625|1625|und|0|1627|1627
field_collection_item|field_server_configuratie1|0|1628|1628|und|0|1630|1630
field_collection_item|field_server_configuratie1|0|1631|1631|und|0|1633|1633
field_collection_item|field_server_configuratie1|0|1634|1634|und|0|1636|1636
field_collection_item|field_server_configuratie|0|1637|1637|und|0|1638|1638
field_collection_item|field_server_configuratie|0|1640|1640|und|0|1641|1641
field_collection_item|field_server_configuratie1|0|1643|1643|und|0|1644|1644
field_collection_item|field_server_configuratie|0|1645|1645|und|0|1646|1646
field_collection_item|field_server_configuratie1|0|1648|1648|und|0|1650|1650
field_collection_item|field_server_configuratie1|0|1651|1651|und|0|1653|1653
field_collection_item|field_server_configuratie1|0|1654|1654|und|0|1656|1656
field_collection_item|field_server_configuratie1|0|1657|1657|und|0|1659|1659
field_collection_item|field_server_configuratie|0|1660|1660|und|0|1661|1661
field_collection_item|field_server_configuratie1|0|1662|1662|und|0|1663|1663
field_collection_item|field_server_configuratie|0|1664|1664|und|0|1665|1665
field_collection_item|field_server_configuratie|0|1667|1667|und|0|1668|1668
field_collection_item|field_server_configuratie|0|1670|1670|und|0|1671|1671
field_collection_item|field_server_configuratie1|0|1673|1673|und|0|1674|1674
field_collection_item|field_server_configuratie1|0|1675|1675|und|0|1677|1677
field_collection_item|field_server_configuratie1|0|1678|1678|und|0|1679|1679
field_collection_item|field_server_configuratie1|0|1680|1680|und|0|1682|1682
field_collection_item|field_server_configuratie|0|1683|1683|und|0|1684|1684
field_collection_item|field_server_configuratie1|0|1685|1685|und|0|1686|1686
field_collection_item|field_server_configuratie1|0|1687|1687|und|0|1688|1688
field_collection_item|field_server_configuratie1|0|1689|1689|und|0|1691|1691
field_collection_item|field_server_configuratie|0|1692|1692|und|0|1693|1693
field_collection_item|field_server_configuratie|0|1694|1694|und|0|1695|1695
field_collection_item|field_server_configuratie1|0|1698|1698|und|0|1700|1700
field_collection_item|field_server_configuratie1|0|1701|1701|und|0|1703|1703
field_collection_item|field_server_configuratie1|0|1704|1704|und|0|1705|1705
field_collection_item|field_server_configuratie|0|1706|1706|und|0|1707|1707
field_collection_item|field_server_configuratie|0|1709|1709|und|0|1710|1710
field_collection_item|field_server_configuratie|0|1712|1712|und|0|1713|1713
field_collection_item|field_server_configuratie|0|1715|1715|und|0|1716|1716
field_collection_item|field_server_configuratie1|0|1718|1718|und|0|1719|1719
field_collection_item|field_server_configuratie1|0|1720|1720|und|0|1721|1721
field_collection_item|field_server_configuratie|0|1723|1723|und|0|1724|1724
field_collection_item|field_server_configuratie|0|1726|1726|und|0|1727|1727
field_collection_item|field_server_configuratie1|0|1729|1729|und|0|1730|1730
field_collection_item|field_server_configuratie1|0|1731|1731|und|0|1732|1732
field_collection_item|field_server_configuratie|0|1733|1733|und|0|1734|1734
field_collection_item|field_server_configuratie|0|1736|1736|und|0|1737|1737
field_collection_item|field_server_configuratie|0|1739|1739|und|0|1740|1740
field_collection_item|field_server_configuratie|0|1742|1742|und|0|1743|1743
field_collection_item|field_server_configuratie|0|1745|1745|und|0|1746|1746
field_collection_item|field_server_configuratie|0|1749|1749|und|0|1750|1750
field_collection_item|field_server_configuratie|0|1752|1752|und|0|1753|1753
field_collection_item|field_server_configuratie|0|1755|1755|und|0|1756|1756
field_collection_item|field_server_configuratie|0|1758|1758|und|0|1759|1759
field_collection_item|field_server_configuratie|0|1761|1761|und|0|1762|1762
field_collection_item|field_server_configuratie|0|1763|1763|und|0|1764|1764
field_collection_item|field_server_configuratie|0|1766|1766|und|0|1767|1767
field_collection_item|field_server_configuratie|0|1772|1772|und|0|1773|1773
field_collection_item|field_server_configuratie|0|1775|1775|und|0|1776|1776
field_collection_item|field_server_configuratie|0|1778|1778|und|0|1779|1779
field_collection_item|field_server_configuratie|0|1781|1781|und|0|1782|1782
field_collection_item|field_server_configuratie|0|1784|1784|und|0|1785|1785
field_collection_item|field_server_configuratie|0|1787|1787|und|0|1788|1788
field_collection_item|field_server_configuratie|0|1790|1790|und|0|1791|1791
field_collection_item|field_server_configuratie|0|1793|1793|und|0|1794|1794
field_collection_item|field_server_configuratie|0|1796|1796|und|0|1797|1797
field_collection_item|field_server_configuratie|0|1799|1799|und|0|1800|1800
field_collection_item|field_server_configuratie|0|1805|1805|und|0|1806|1806
field_collection_item|field_server_configuratie1|0|1808|1808|und|0|1811|1811
field_collection_item|field_server_configuratie|0|1812|1812|und|0|1813|1813
field_collection_item|field_server_configuratie|0|1815|1815|und|0|1816|1816
field_collection_item|field_server_configuratie|0|1818|1818|und|0|1819|1819
field_collection_item|field_server_configuratie|0|1822|1822|und|0|1823|1823
field_collection_item|field_server_configuratie|0|1830|1830|und|0|1831|1831
field_collection_item|field_server_configuratie1|0|1833|1833|und|0|1834|1834
field_collection_item|field_server_configuratie1|0|1835|1835|und|0|1836|1836
field_collection_item|field_server_configuratie1|0|1839|1839|und|0|1842|1842
field_collection_item|field_server_configuratie|0|1843|1843|und|0|1844|1844
field_collection_item|field_server_configuratie1|0|1846|1846|und|0|1848|1848
field_collection_item|field_server_configuratie|0|1849|1849|und|0|1850|1850
field_collection_item|field_server_configuratie1|0|1853|1853|und|0|1856|1856
field_collection_item|field_server_configuratie|0|1857|1857|und|0|1858|1858
field_collection_item|field_server_configuratie|0|1860|1860|und|0|1861|1861
field_collection_item|field_server_configuratie1|0|1863|1863|und|0|1865|1865
field_collection_item|field_server_configuratie|0|1866|1866|und|0|1867|1867
field_collection_item|field_server_configuratie|0|1870|1870|und|0|1871|1871
field_collection_item|field_server_configuratie|0|1873|1873|und|0|1874|1874
field_collection_item|field_server_configuratie1|0|1876|1876|und|0|1879|1879
field_collection_item|field_server_configuratie1|0|1880|1880|und|0|1883|1883
field_collection_item|field_server_configuratie|0|1884|1884|und|0|1885|1885
field_collection_item|field_server_configuratie|0|1886|1886|und|0|1887|1887
field_collection_item|field_server_configuratie|0|1888|1888|und|0|1889|1889
field_collection_item|field_server_configuratie|0|1890|1890|und|0|1891|1891
field_collection_item|field_server_configuratie|0|1892|1892|und|0|1893|1893
field_collection_item|field_server_configuratie|0|1894|1894|und|0|1895|1895
field_collection_item|field_server_configuratie|0|1898|1898|und|0|1899|1899
field_collection_item|field_server_configuratie|0|1901|1901|und|0|1902|1902
field_collection_item|field_server_configuratie|0|1904|1904|und|0|1905|1905
field_collection_item|field_server_configuratie1|0|1908|1908|und|0|1911|1911
field_collection_item|field_server_configuratie|0|1914|1914|und|0|1915|1915
field_collection_item|field_server_configuratie|0|1917|1917|und|0|1918|1918
field_collection_item|field_server_configuratie1|0|1920|1920|und|0|1922|1922
field_collection_item|field_server_configuratie|0|1923|1923|und|0|1924|1924
field_collection_item|field_server_configuratie|0|1926|1926|und|0|1927|1927
field_collection_item|field_server_configuratie|0|1929|1929|und|0|1930|1930
field_collection_item|field_server_configuratie1|0|1931|1931|und|0|1932|1932
field_collection_item|field_server_configuratie|0|1933|1933|und|0|1934|1934
field_collection_item|field_server_configuratie|0|1936|1936|und|0|1937|1937
field_collection_item|field_server_configuratie1|0|1939|1939|und|0|1940|1940
field_collection_item|field_server_configuratie|0|1941|1941|und|0|1942|1942
field_collection_item|field_server_configuratie|0|1944|1944|und|0|1945|1945
field_collection_item|field_server_configuratie|0|1946|1946|und|0|1947|1947
field_collection_item|field_server_configuratie|0|1951|1951|und|0|1952|1952
field_collection_item|field_server_configuratie1|0|1953|1953|und|0|1956|1956
field_collection_item|field_server_configuratie1|0|1957|1957|und|0|1958|1958
field_collection_item|field_server_configuratie|0|1962|1962|und|0|1963|1963
field_collection_item|field_server_configuratie|0|1964|1964|und|0|1965|1965
field_collection_item|field_server_configuratie1|0|1966|1966|und|0|1967|1967
field_collection_item|field_server_configuratie1|0|1968|1968|und|0|1969|1969
field_collection_item|field_server_configuratie1|0|1970|1970|und|0|1971|1971
field_collection_item|field_server_configuratie1|0|1972|1972|und|0|1974|1974
field_collection_item|field_server_configuratie1|0|1975|1975|und|0|1977|1977
field_collection_item|field_server_configuratie|0|1978|1978|und|0|1979|1979
field_collection_item|field_server_configuratie|0|1981|1981|und|0|1982|1982
field_collection_item|field_server_configuratie|0|1989|1989|und|0|1990|1990
field_collection_item|field_server_configuratie|0|1992|1992|und|0|1993|1993
field_collection_item|field_server_configuratie|0|1996|1996|und|0|1997|1997
field_collection_item|field_server_configuratie|0|1999|1999|und|0|2000|2000
field_collection_item|field_server_configuratie|0|2002|2002|und|0|2003|2003
field_collection_item|field_server_configuratie|0|2005|2005|und|0|2006|2006
field_collection_item|field_server_configuratie|0|2008|2008|und|0|2009|2009
field_collection_item|field_server_configuratie|0|2011|2011|und|0|2012|2012
field_collection_item|field_server_configuratie1|0|2014|2014|und|0|2016|2016
field_collection_item|field_server_configuratie1|0|2017|2017|und|0|2019|2019
field_collection_item|field_server_configuratie1|0|2020|2020|und|0|2021|2021
field_collection_item|field_server_configuratie|0|2022|2022|und|0|2023|2023
field_collection_item|field_server_configuratie1|0|2025|2025|und|0|2027|2027
field_collection_item|field_server_configuratie|0|2028|2028|und|0|2029|2029
field_collection_item|field_server_configuratie|0|2031|2031|und|0|2032|2032
field_collection_item|field_server_configuratie|0|2034|2034|und|0|2035|2035
field_collection_item|field_server_configuratie|0|2037|2037|und|0|2038|2038
field_collection_item|field_server_configuratie|0|2040|2040|und|0|2041|2041
field_collection_item|field_server_configuratie|0|2043|2043|und|0|2044|2044
field_collection_item|field_server_configuratie|0|2046|2046|und|0|2047|2047
field_collection_item|field_server_configuratie|0|2049|2049|und|0|2050|2050
field_collection_item|field_server_configuratie|0|2052|2052|und|0|2053|2053
field_collection_item|field_server_configuratie|0|2055|2055|und|0|2056|2056
field_collection_item|field_server_configuratie|0|2058|2058|und|0|2059|2059
field_collection_item|field_server_configuratie|0|2060|2060|und|0|2061|2061
field_collection_item|field_server_configuratie1|0|2063|2063|und|0|2064|2064
field_collection_item|field_server_configuratie1|0|2066|2066|und|0|2068|2068
field_collection_item|field_server_configuratie1|0|2069|2069|und|0|2071|2071
field_collection_item|field_server_configuratie|0|2072|2072|und|0|2073|2073
field_collection_item|field_server_configuratie|0|2075|2075|und|0|2076|2076
field_collection_item|field_server_configuratie1|0|2078|2078|und|0|2080|2080
field_collection_item|field_server_configuratie|0|2081|2081|und|0|2082|2082
field_collection_item|field_server_configuratie|0|2085|2085|und|0|2086|2086
field_collection_item|field_server_configuratie1|0|2089|2089|und|0|2092|2092
field_collection_item|field_server_configuratie1|0|2093|2093|und|0|2096|2096
field_collection_item|field_server_configuratie|0|2097|2097|und|0|2098|2098
field_collection_item|field_server_configuratie|0|2101|2101|und|0|2102|2102
field_collection_item|field_server_configuratie|0|2104|2104|und|0|2105|2105
field_collection_item|field_server_configuratie|0|2107|2107|und|0|2108|2108
field_collection_item|field_server_configuratie|0|2110|2110|und|0|2111|2111
field_collection_item|field_server_configuratie|0|2113|2113|und|0|2114|2114
field_collection_item|field_server_configuratie1|0|2117|2117|und|0|2120|2120
field_collection_item|field_server_configuratie1|0|2121|2121|und|0|2123|2123
field_collection_item|field_server_configuratie1|0|2124|2124|und|0|2126|2126
field_collection_item|field_server_configuratie1|0|2127|2127|und|0|2129|2129
field_collection_item|field_server_configuratie|0|2130|2130|und|0|2131|2131
field_collection_item|field_server_configuratie|0|2133|2133|und|0|2134|2134
field_collection_item|field_server_configuratie1|0|2136|2136|und|0|2138|2138
field_collection_item|field_server_configuratie|0|2139|2139|und|0|2140|2140
field_collection_item|field_server_configuratie|0|2142|2142|und|0|2143|2143
field_collection_item|field_server_configuratie|0|2145|2145|und|0|2146|2146
field_collection_item|field_server_configuratie|0|2148|2148|und|0|2149|2149
field_collection_item|field_server_configuratie|0|2151|2151|und|0|2152|2152
field_collection_item|field_server_configuratie|0|2154|2154|und|0|2155|2155
field_collection_item|field_server_configuratie|0|2157|2157|und|0|2158|2158
field_collection_item|field_server_configuratie|0|2160|2160|und|0|2161|2161
field_collection_item|field_server_configuratie1|0|2163|2163|und|0|2165|2165
field_collection_item|field_server_configuratie1|0|2166|2166|und|0|2168|2168
field_collection_item|field_server_configuratie1|0|2169|2169|und|0|2171|2171
field_collection_item|field_server_configuratie1|0|2172|2172|und|0|2174|2174
field_collection_item|field_server_configuratie1|0|2175|2175|und|0|2177|2177
field_collection_item|field_server_configuratie1|0|2178|2178|und|0|2180|2180
field_collection_item|field_server_configuratie|0|2181|2181|und|0|2182|2182
field_collection_item|field_server_configuratie|0|2183|2183|und|0|2184|2184
field_collection_item|field_server_configuratie|0|2185|2185|und|0|2186|2186
field_collection_item|field_server_configuratie|0|2188|2188|und|0|2189|2189
field_collection_item|field_server_configuratie1|0|2192|2192|und|0|2195|2195
field_collection_item|field_server_configuratie1|0|2196|2196|und|0|2197|2197
field_collection_item|field_server_configuratie|0|2198|2198|und|0|2199|2199
field_collection_item|field_server_configuratie|0|2202|2202|und|0|2203|2203
field_collection_item|field_server_configuratie|0|2209|2209|und|0|2210|2210
field_collection_item|field_server_configuratie|0|2219|2219|und|0|2220|2220
field_collection_item|field_server_configuratie|0|2222|2222|und|0|2223|2223
field_collection_item|field_server_configuratie|0|2225|2225|und|0|2226|2226
field_collection_item|field_server_configuratie1|0|2229|2229|und|0|2232|2232
field_collection_item|field_server_configuratie|0|2233|2233|und|0|2234|2234
field_collection_item|field_server_configuratie|0|2236|2236|und|0|2237|2237
field_collection_item|field_server_configuratie|0|2239|2239|und|0|2240|2240
field_collection_item|field_server_configuratie|0|2242|2242|und|0|2243|2243
field_collection_item|field_server_configuratie|0|2245|2245|und|0|2246|2246
field_collection_item|field_server_configuratie|0|2248|2248|und|0|2249|2249
field_collection_item|field_server_configuratie|0|2251|2251|und|0|2252|2252
field_collection_item|field_server_configuratie|0|2254|2254|und|0|2255|2255
field_collection_item|field_server_configuratie|0|2256|2256|und|0|2257|2257
field_collection_item|field_server_configuratie|0|2259|2259|und|0|2260|2260
field_collection_item|field_server_configuratie|0|2262|2262|und|0|2263|2263
field_collection_item|field_server_configuratie|0|2265|2265|und|0|2266|2266
field_collection_item|field_server_configuratie|0|2268|2268|und|0|2269|2269
field_collection_item|field_server_configuratie|0|2271|2271|und|0|2272|2272
field_collection_item|field_server_configuratie|0|2274|2274|und|0|2275|2275
field_collection_item|field_server_configuratie|0|2277|2277|und|0|2278|2278
field_collection_item|field_server_configuratie|0|2280|2280|und|0|2281|2281
field_collection_item|field_server_configuratie1|0|2283|2283|und|0|2285|2285
field_collection_item|field_server_configuratie|0|2286|2286|und|0|2287|2287
field_collection_item|field_server_configuratie|0|2289|2289|und|0|2290|2290
field_collection_item|field_server_configuratie|0|2292|2292|und|0|2293|2293
field_collection_item|field_server_configuratie|0|2295|2295|und|0|2296|2296
field_collection_item|field_server_configuratie1|0|2298|2298|und|0|2300|2300
field_collection_item|field_server_configuratie|0|2301|2301|und|0|2302|2302
field_collection_item|field_server_configuratie|0|2304|2304|und|0|2305|2305
field_collection_item|field_server_configuratie1|0|2307|2307|und|0|2308|2308
field_collection_item|field_server_configuratie1|0|2309|2309|und|0|2310|2310
field_collection_item|field_server_configuratie|0|2311|2311|und|0|2312|2312
field_collection_item|field_server_configuratie|0|2314|2314|und|0|2315|2315
field_collection_item|field_server_configuratie|0|2317|2317|und|0|2318|2318
field_collection_item|field_server_configuratie|0|2320|2320|und|0|2321|2321
field_collection_item|field_server_configuratie1|0|2323|2323|und|0|2325|2325
field_collection_item|field_server_configuratie1|0|2326|2326|und|0|2328|2328
field_collection_item|field_server_configuratie1|0|2329|2329|und|0|2334|2334
field_collection_item|field_server_configuratie|0|2335|2335|und|0|2336|2336
field_collection_item|field_server_configuratie|0|2338|2338|und|0|2339|2339
field_collection_item|field_server_configuratie|0|2341|2341|und|0|2342|2342
field_collection_item|field_server_configuratie|0|2344|2344|und|0|2345|2345
field_collection_item|field_server_configuratie1|0|2347|2347|und|0|2348|2348
field_collection_item|field_server_configuratie|0|2349|2349|und|0|2350|2350
field_collection_item|field_server_configuratie1|0|2352|2352|und|0|2354|2354
field_collection_item|field_server_configuratie|0|2355|2355|und|0|2356|2356
field_collection_item|field_server_configuratie|0|2362|2362|und|0|2363|2363
field_collection_item|field_server_configuratie|0|2380|2380|und|0|2381|2381
field_collection_item|field_server_configuratie|0|2384|2384|und|0|2385|2385
field_collection_item|field_server_configuratie|0|2388|2388|und|0|2389|2389
field_collection_item|field_server_configuratie|0|2391|2391|und|0|2392|2392
field_collection_item|field_server_configuratie|0|2395|2395|und|0|2396|2396
field_collection_item|field_server_configuratie1|0|2397|2397|und|0|2398|2398
field_collection_item|field_server_configuratie|0|2399|2399|und|0|2400|2400
field_collection_item|field_server_configuratie1|0|2403|2403|und|0|2406|2406
field_collection_item|field_server_configuratie|0|2407|2407|und|0|2408|2408
field_collection_item|field_server_configuratie1|0|2409|2409|und|0|2410|2410
field_collection_item|field_server_configuratie|0|2411|2411|und|0|2412|2412
field_collection_item|field_server_configuratie1|0|2413|2413|und|0|2414|2414
field_collection_item|field_server_configuratie|0|2415|2415|und|0|2416|2416
field_collection_item|field_server_configuratie1|0|2418|2418|und|0|2420|2420
field_collection_item|field_server_configuratie|0|2421|2421|und|0|2422|2422
field_collection_item|field_server_configuratie1|0|2424|2424|und|0|2426|2426
field_collection_item|field_server_configuratie|0|2427|2427|und|0|2428|2428
field_collection_item|field_server_configuratie|0|2431|2431|und|0|2432|2432
field_collection_item|field_server_configuratie1|0|2435|2435|und|0|2438|2438
field_collection_item|field_server_configuratie|0|2439|2439|und|0|2440|2440
field_collection_item|field_server_configuratie|0|2442|2442|und|0|2443|2443
field_collection_item|field_server_configuratie|0|2444|2444|und|0|2445|2445
field_collection_item|field_server_configuratie1|0|2448|2448|und|0|2451|2451
field_collection_item|field_server_configuratie1|0|2454|2454|und|0|2455|2455
field_collection_item|field_server_configuratie|0|2456|2456|und|0|2457|2457
field_collection_item|field_server_configuratie1|0|2460|2460|und|0|2463|2463
field_collection_item|field_server_configuratie|0|2464|2464|und|0|2465|2465
field_collection_item|field_server_configuratie|0|2469|2469|und|0|2470|2470
field_collection_item|field_server_configuratie|0|2472|2472|und|0|2473|2473
field_collection_item|field_server_configuratie1|0|2474|2474|und|0|2475|2475
field_collection_item|field_server_configuratie1|0|2476|2476|und|0|2477|2477
field_collection_item|field_server_configuratie1|0|2478|2478|und|0|2479|2479
field_collection_item|field_server_configuratie|0|2480|2480|und|0|2481|2481
field_collection_item|field_server_configuratie1|0|2484|2484|und|0|2487|2487
field_collection_item|field_server_configuratie|0|2488|2488|und|0|2489|2489
field_collection_item|field_server_configuratie1|0|2495|2495|und|0|2501|2501
field_collection_item|field_server_configuratie|0|2502|2502|und|0|2503|2503
field_collection_item|field_server_configuratie1|0|2505|2505|und|0|2507|2507
field_collection_item|field_server_configuratie1|0|2508|2508|und|0|2509|2509
field_collection_item|field_server_configuratie|0|2510|2510|und|0|2511|2511
field_collection_item|field_server_configuratie|0|2512|2512|und|0|2513|2513
field_collection_item|field_server_configuratie1|0|2515|2515|und|0|2517|2517
field_collection_item|field_server_configuratie|0|2518|2518|und|0|2519|2519
field_collection_item|field_server_configuratie1|0|2521|2521|und|0|2523|2523
field_collection_item|field_server_configuratie|0|2524|2524|und|0|2525|2525
field_collection_item|field_server_configuratie1|0|2527|2527|und|0|2529|2529
field_collection_item|field_server_configuratie1|0|2530|2530|und|0|2532|2532
field_collection_item|field_server_configuratie1|0|2533|2533|und|0|2534|2534
field_collection_item|field_server_configuratie1|0|2535|2535|und|0|2536|2536
field_collection_item|field_server_configuratie1|0|2537|2537|und|0|2538|2538
field_collection_item|field_server_configuratie1|0|2539|2539|und|0|2540|2540
field_collection_item|field_server_configuratie1|0|2541|2541|und|0|2543|2543
field_collection_item|field_server_configuratie|0|2544|2544|und|0|2545|2545
field_collection_item|field_server_configuratie|0|2548|2548|und|0|2549|2549
field_collection_item|field_server_configuratie|0|2551|2551|und|0|2552|2552
field_collection_item|field_server_configuratie|0|2554|2554|und|0|2555|2555
field_collection_item|field_server_configuratie|0|2557|2557|und|0|2558|2558
field_collection_item|field_server_configuratie1|0|2560|2560|und|0|2562|2562
field_collection_item|field_server_configuratie|0|2563|2563|und|0|2564|2564
field_collection_item|field_server_configuratie|0|2567|2567|und|0|2568|2568
field_collection_item|field_server_configuratie1|0|2572|2572|und|0|2573|2573
field_collection_item|field_server_configuratie|0|2574|2574|und|0|2575|2575
field_collection_item|field_server_configuratie|0|2577|2577|und|0|2578|2578
field_collection_item|field_server_configuratie|0|2580|2580|und|0|2581|2581
field_collection_item|field_server_configuratie1|0|2590|2590|und|0|2592|2592
field_collection_item|field_server_configuratie1|0|2593|2593|und|0|2595|2595
field_collection_item|field_server_configuratie|0|2596|2596|und|0|2597|2597
field_collection_item|field_server_configuratie|0|2599|2599|und|0|2600|2600
field_collection_item|field_server_configuratie1|0|2602|2602|und|0|2604|2604
field_collection_item|field_server_configuratie1|0|2605|2605|und|0|2607|2607
field_collection_item|field_server_configuratie1|0|2608|2608|und|0|2610|2610
field_collection_item|field_server_configuratie1|0|2611|2611|und|0|2613|2613
field_collection_item|field_server_configuratie1|0|2614|2614|und|0|2615|2615
field_collection_item|field_server_configuratie1|0|2616|2616|und|0|2618|2618
field_collection_item|field_server_configuratie1|0|2619|2619|und|0|2621|2621
field_collection_item|field_server_configuratie1|0|2622|2622|und|0|2623|2623
field_collection_item|field_server_configuratie|0|2624|2624|und|0|2625|2625
field_collection_item|field_server_configuratie|0|2627|2627|und|0|2628|2628
field_collection_item|field_server_configuratie|0|2630|2630|und|0|2631|2631
field_collection_item|field_server_configuratie|0|2633|2633|und|0|2634|2634
field_collection_item|field_server_configuratie|0|2636|2636|und|0|2637|2637
field_collection_item|field_server_configuratie1|0|2638|2638|und|0|2641|2641
field_collection_item|field_server_configuratie1|0|2642|2642|und|0|2647|2647
field_collection_item|field_server_configuratie|0|2648|2648|und|0|2649|2649
field_collection_item|field_server_configuratie|0|2651|2651|und|0|2652|2652
field_collection_item|field_server_configuratie|0|2654|2654|und|0|2655|2655
field_collection_item|field_server_configuratie1|0|2659|2659|und|0|2661|2661
field_collection_item|field_server_configuratie1|0|2662|2662|und|0|2666|2666
field_collection_item|field_server_configuratie|0|2667|2667|und|0|2668|2668
field_collection_item|field_server_configuratie|0|2670|2670|und|0|2671|2671
field_collection_item|field_server_configuratie|0|2673|2673|und|0|2674|2674
field_collection_item|field_server_configuratie|0|2676|2676|und|0|2677|2677
field_collection_item|field_server_configuratie|0|2679|2679|und|0|2680|2680
field_collection_item|field_server_configuratie|0|2681|2681|und|0|2682|2682
field_collection_item|field_server_configuratie1|0|2685|2685|und|0|2688|2688
field_collection_item|field_server_configuratie1|0|2691|2691|und|0|2692|2692
field_collection_item|field_server_configuratie1|0|2693|2693|und|0|2694|2694
field_collection_item|field_server_configuratie|0|2695|2695|und|0|2696|2696
field_collection_item|field_server_configuratie|0|2697|2697|und|0|2698|2698
field_collection_item|field_server_configuratie|0|2700|2700|und|0|2701|2701
field_collection_item|field_server_configuratie|0|2703|2703|und|0|2704|2704
field_collection_item|field_server_configuratie1|0|2706|2706|und|0|2708|2708
field_collection_item|field_server_configuratie|0|2709|2709|und|0|2710|2710
field_collection_item|field_server_configuratie1|0|2712|2712|und|0|2714|2714
field_collection_item|field_server_configuratie|0|2718|2718|und|0|2719|2719
field_collection_item|field_server_configuratie|0|2721|2721|und|0|2722|2722
field_collection_item|field_server_configuratie|0|2724|2724|und|0|2725|2725
field_collection_item|field_server_configuratie|0|2727|2727|und|0|2728|2728
field_collection_item|field_server_configuratie1|0|2730|2730|und|0|2732|2732
field_collection_item|field_server_configuratie1|0|2733|2733|und|0|2735|2735
field_collection_item|field_server_configuratie1|0|2736|2736|und|0|2738|2738
field_collection_item|field_server_configuratie1|0|2739|2739|und|0|2740|2740
field_collection_item|field_server_configuratie|0|2741|2741|und|0|2742|2742
field_collection_item|field_server_configuratie|0|2745|2745|und|0|2746|2746
field_collection_item|field_server_configuratie1|0|2754|2754|und|0|2756|2756
field_collection_item|field_server_configuratie|0|2757|2757|und|0|2758|2758
field_collection_item|field_server_configuratie1|0|2759|2759|und|0|2760|2760
field_collection_item|field_server_configuratie|0|2761|2761|und|0|2762|2762
field_collection_item|field_server_configuratie1|0|2764|2764|und|0|2766|2766
field_collection_item|field_server_configuratie|0|2767|2767|und|0|2768|2768
field_collection_item|field_server_configuratie|0|2771|2771|und|0|2772|2772
field_collection_item|field_server_configuratie|0|2773|2773|und|0|2774|2774
field_collection_item|field_server_configuratie|0|2776|2776|und|0|2777|2777
field_collection_item|field_server_configuratie|0|2779|2779|und|0|2780|2780
field_collection_item|field_server_configuratie|0|2782|2782|und|0|2783|2783
field_collection_item|field_server_configuratie1|0|2785|2785|und|0|2787|2787
field_collection_item|field_server_configuratie|0|2791|2791|und|0|2792|2792
field_collection_item|field_server_configuratie|0|2794|2794|und|0|2795|2795
field_collection_item|field_server_configuratie1|0|2797|2797|und|0|2800|2800
field_collection_item|field_server_configuratie1|0|2801|2801|und|0|2809|2809
field_collection_item|field_server_configuratie|0|2810|2810|und|0|2811|2811
field_collection_item|field_server_configuratie|0|2813|2813|und|0|2814|2814
field_collection_item|field_server_configuratie|0|2815|2815|und|0|2816|2816
field_collection_item|field_server_configuratie|0|2817|2817|und|0|2818|2818
field_collection_item|field_server_configuratie1|0|2821|2821|und|0|2824|2824
field_collection_item|field_server_configuratie|0|2825|2825|und|0|2826|2826
field_collection_item|field_server_configuratie1|0|2827|2827|und|0|2829|2829
field_collection_item|field_server_configuratie|0|2830|2830|und|0|2831|2831
field_collection_item|field_server_configuratie|0|2833|2833|und|0|2834|2834
field_collection_item|field_server_configuratie|0|2836|2836|und|0|2837|2837
field_collection_item|field_server_configuratie|0|2839|2839|und|0|2840|2840
field_collection_item|field_server_configuratie|0|2842|2842|und|0|2843|2843
field_collection_item|field_server_configuratie|0|2845|2845|und|0|2846|2846
field_collection_item|field_server_configuratie1|0|2848|2848|und|0|2850|2850
field_collection_item|field_server_configuratie|0|2851|2851|und|0|2852|2852
field_collection_item|field_server_configuratie1|0|2854|2854|und|0|2856|2856
field_collection_item|field_server_configuratie|0|2857|2857|und|0|2858|2858
field_collection_item|field_server_configuratie1|0|2860|2860|und|0|2862|2862
field_collection_item|field_server_configuratie|0|2863|2863|und|0|2864|2864
field_collection_item|field_server_configuratie|0|2867|2867|und|0|2868|2868
field_collection_item|field_server_configuratie|0|2870|2870|und|0|2871|2871
field_collection_item|field_server_configuratie|0|2873|2873|und|0|2874|2874
field_collection_item|field_server_configuratie1|0|2875|2875|und|0|2877|2877
field_collection_item|field_server_configuratie|0|2878|2878|und|0|2879|2879
field_collection_item|field_server_configuratie|0|2880|2880|und|0|2881|2881
field_collection_item|field_server_configuratie|0|2883|2883|und|0|2884|2884
field_collection_item|field_server_configuratie|0|2886|2886|und|0|2887|2887
field_collection_item|field_server_configuratie|0|2889|2889|und|0|2890|2890
field_collection_item|field_server_configuratie|0|2892|2892|und|0|2893|2893
field_collection_item|field_server_configuratie|0|2896|2896|und|0|2897|2897
field_collection_item|field_server_configuratie|0|2900|2900|und|0|2901|2901
field_collection_item|field_server_configuratie|0|2904|2904|und|0|2905|2905
field_collection_item|field_server_configuratie|0|2908|2908|und|0|2909|2909
field_collection_item|field_server_configuratie|0|2911|2911|und|0|2912|2912
field_collection_item|field_server_configuratie1|0|2914|2914|und|0|2916|2916
field_collection_item|field_server_configuratie|0|2917|2917|und|0|2918|2918
field_collection_item|field_server_configuratie|0|2919|2919|und|0|2920|2920
field_collection_item|field_server_configuratie1|0|2921|2921|und|0|2922|2922
field_collection_item|field_server_configuratie|0|2923|2923|und|0|2924|2924
field_collection_item|field_server_configuratie|0|2926|2926|und|0|2927|2927
field_collection_item|field_server_configuratie1|0|2928|2928|und|0|2929|2929
field_collection_item|field_server_configuratie|0|2930|2930|und|0|2931|2931
field_collection_item|field_server_configuratie1|0|2932|2932|und|0|2933|2933
field_collection_item|field_server_configuratie|0|2934|2934|und|0|2935|2935
field_collection_item|field_server_configuratie1|0|2936|2936|und|0|2937|2937
field_collection_item|field_server_configuratie|0|2938|2938|und|0|2939|2939
field_collection_item|field_server_configuratie|0|2942|2942|und|0|2943|2943
field_collection_item|field_server_configuratie1|0|2947|2947|und|0|2949|2949
field_collection_item|field_server_configuratie|0|2950|2950|und|0|2951|2951
field_collection_item|field_server_configuratie|0|2952|2952|und|0|2953|2953
field_collection_item|field_server_configuratie1|0|2955|2955|und|0|2956|2956
field_collection_item|field_server_configuratie1|0|2957|2957|und|0|2958|2958
field_collection_item|field_server_configuratie1|0|2959|2959|und|0|2961|2961
field_collection_item|field_server_configuratie1|0|2962|2962|und|0|2964|2964
field_collection_item|field_server_configuratie|0|2967|2967|und|0|2968|2968
field_collection_item|field_server_configuratie|0|2970|2970|und|0|2971|2971
field_collection_item|field_server_configuratie|0|2973|2973|und|0|2974|2974
field_collection_item|field_server_configuratie1|0|2975|2975|und|0|2976|2976
