node|aanvraag|0|25986|25986|und|0|32|32
node|aanvraag|0|26193|26193|und|0|67|67
node|aanvraag|0|26302|26302|und|0|73|73
node|aanvraag|0|26307|26307|und|0|92|92
node|aanvraag|0|26307|26307|und|1|95|95
node|aanvraag|0|26310|26310|und|0|89|89
node|aanvraag|0|26506|26506|und|0|107|107
node|aanvraag|0|26507|26507|und|0|101|101
node|aanvraag|0|26595|26595|und|0|113|113
node|aanvraag|0|26814|26814|und|0|121|121
node|aanvraag|0|26814|26814|und|1|123|123
node|aanvraag|0|26920|26920|und|0|128|128
node|aanvraag|0|27121|27121|und|0|154|154
node|aanvraag|0|27149|27149|und|0|156|156
node|aanvraag|0|27228|27228|und|0|170|170
node|aanvraag|0|27230|27230|und|0|174|174
node|aanvraag|0|27276|27276|und|0|188|188
node|aanvraag|0|27309|27309|und|0|191|191
node|aanvraag|0|27443|27443|und|0|197|197
node|aanvraag|0|27479|27479|und|0|202|202
node|aanvraag|0|27479|27479|und|1|205|205
node|aanvraag|0|27527|27527|und|0|208|208
node|aanvraag|0|27647|27647|und|0|234|234
node|aanvraag|0|27647|27647|und|1|236|236
node|aanvraag|0|27647|27647|und|2|238|238
node|aanvraag|0|27647|27647|und|3|240|240
node|aanvraag|0|27647|27647|und|4|242|242
node|aanvraag|0|27647|27647|und|5|244|244
node|aanvraag|0|27647|27647|und|6|248|248
node|aanvraag|0|27647|27647|und|7|250|250
node|aanvraag|0|27841|27841|und|0|254|254
node|aanvraag|0|27841|27841|und|1|256|256
node|aanvraag|0|27841|27841|und|2|258|258
node|aanvraag|0|27854|27854|und|0|260|260
node|aanvraag|0|27854|27854|und|1|262|262
node|aanvraag|0|27854|27854|und|2|264|264
node|aanvraag|0|27854|27854|und|3|266|266
node|aanvraag|0|27854|27854|und|4|268|268
node|aanvraag|0|27907|27907|und|0|270|270
node|aanvraag|0|27907|27907|und|1|273|273
node|aanvraag|0|27907|27907|und|2|276|276
node|aanvraag|0|27907|27907|und|3|279|279
node|aanvraag|0|27907|27907|und|4|282|282
node|aanvraag|0|27917|27917|und|0|285|285
node|aanvraag|0|28010|28010|und|0|288|288
node|aanvraag|0|28137|28137|und|0|291|291
node|aanvraag|0|28448|28448|und|0|293|293
node|aanvraag|0|28720|28720|und|0|297|297
node|aanvraag|0|28735|28735|und|0|299|299
node|aanvraag|0|28735|28735|und|1|301|301
node|aanvraag|0|28735|28735|und|2|303|303
node|aanvraag|0|28737|28737|und|0|305|305
node|aanvraag|0|28752|28752|und|0|308|308
node|aanvraag|0|28961|28961|und|0|314|314
node|aanvraag|0|29022|29022|und|0|318|318
node|aanvraag|0|29068|29068|und|0|320|320
node|aanvraag|0|29090|29090|und|0|323|323
node|aanvraag|0|29103|29103|und|0|325|325
node|aanvraag|0|29103|29103|und|1|327|327
node|aanvraag|0|29103|29103|und|2|329|329
node|aanvraag|0|29104|29104|und|0|331|331
node|aanvraag|0|29104|29104|und|1|334|334
node|aanvraag|0|29104|29104|und|2|337|337
node|aanvraag|0|29122|29122|und|0|343|343
node|aanvraag|0|29129|29129|und|0|345|345
node|aanvraag|0|29129|29129|und|1|348|348
node|aanvraag|0|29129|29129|und|2|351|351
node|aanvraag|0|29156|29156|und|0|354|354
node|aanvraag|0|29156|29156|und|1|356|356
node|aanvraag|0|29295|29295|und|0|358|358
node|aanvraag|0|29296|29296|und|0|362|362
node|aanvraag|0|29296|29296|und|1|364|364
node|aanvraag|0|29329|29329|und|0|368|368
node|aanvraag|0|29347|29347|und|0|370|370
node|aanvraag|0|29347|29347|und|1|372|372
node|aanvraag|0|29373|29373|und|0|376|376
node|aanvraag|0|29437|29437|und|0|378|378
node|aanvraag|0|29533|29533|und|0|415|415
node|aanvraag|0|29547|29547|und|0|417|417
node|aanvraag|0|29658|29658|und|0|420|420
node|aanvraag|0|29658|29658|und|1|422|422
node|aanvraag|0|29658|29658|und|2|424|424
node|aanvraag|0|29658|29658|und|3|426|426
node|aanvraag|0|29658|29658|und|4|428|428
node|aanvraag|0|29658|29658|und|5|430|430
node|aanvraag|0|29661|29661|und|0|435|435
node|aanvraag|0|29661|29661|und|1|437|437
node|aanvraag|0|29661|29661|und|2|439|439
node|aanvraag|0|29661|29661|und|3|441|441
node|aanvraag|0|29661|29661|und|4|443|443
node|aanvraag|0|29661|29661|und|5|445|445
node|aanvraag|0|29737|29737|und|0|447|447
node|aanvraag|0|29745|29745|und|0|450|450
node|aanvraag|0|29745|29745|und|1|453|453
node|aanvraag|0|29817|29817|und|0|456|456
node|aanvraag|0|29817|29817|und|1|459|459
node|aanvraag|0|29830|29830|und|0|462|462
node|aanvraag|0|29830|29830|und|1|464|464
node|aanvraag|0|29830|29830|und|2|466|466
node|aanvraag|0|30124|30124|und|0|474|474
node|aanvraag|0|30171|30171|und|0|479|479
node|aanvraag|0|30171|30171|und|1|481|481
node|aanvraag|0|30255|30255|und|0|492|492
node|aanvraag|0|30331|30331|und|0|500|500
node|aanvraag|0|30488|30488|und|0|508|508
node|aanvraag|0|30623|30623|und|0|529|529
node|aanvraag|0|30859|30859|und|0|561|561
node|aanvraag|0|30885|30885|und|0|563|563
node|aanvraag|0|30885|30885|und|1|565|565
node|aanvraag|0|30959|30959|und|0|567|567
node|aanvraag|0|31072|31072|und|0|569|569
node|aanvraag|0|31079|31079|und|0|577|577
node|aanvraag|0|31079|31079|und|1|580|580
node|aanvraag|0|31085|31085|und|0|593|593
node|aanvraag|0|31085|31085|und|1|596|596
node|aanvraag|0|31085|31085|und|2|599|599
node|aanvraag|0|31085|31085|und|3|602|602
node|aanvraag|0|31085|31085|und|4|605|605
node|aanvraag|0|31085|31085|und|5|608|608
node|aanvraag|0|31085|31085|und|6|611|611
node|aanvraag|0|31085|31085|und|7|614|614
node|aanvraag|0|31085|31085|und|8|617|617
node|aanvraag|0|31085|31085|und|9|640|640
node|aanvraag|0|31085|31085|und|10|642|642
node|aanvraag|0|31125|31125|und|0|583|583
node|aanvraag|0|31210|31210|und|0|627|627
node|aanvraag|0|31262|31262|und|0|631|631
node|aanvraag|0|31265|31265|und|0|637|637
node|aanvraag|0|35072|35072|und|0|648|648
node|aanvraag|0|35090|35090|und|0|662|662
node|aanvraag|0|35090|35090|und|1|665|665
node|aanvraag|0|35090|35090|und|2|668|668
node|aanvraag|0|35095|35095|und|0|656|656
node|aanvraag|0|35095|35095|und|1|659|659
node|aanvraag|0|35206|35206|und|0|687|687
node|aanvraag|0|35280|35280|und|0|696|696
node|aanvraag|0|35307|35307|und|0|702|702
node|aanvraag|0|35307|35307|und|1|705|705
node|aanvraag|0|35307|35307|und|2|708|708
node|aanvraag|0|35307|35307|und|3|711|711
node|aanvraag|0|35452|35452|und|0|723|723
node|aanvraag|0|35452|35452|und|1|726|726
node|aanvraag|0|35452|35452|und|2|729|729
node|aanvraag|0|35473|35473|und|0|732|732
node|aanvraag|0|35568|35568|und|0|757|757
node|aanvraag|0|35568|35568|und|1|760|760
node|aanvraag|0|35568|35568|und|2|763|763
node|aanvraag|0|35568|35568|und|3|766|766
node|aanvraag|0|35568|35568|und|4|769|769
node|aanvraag|0|35568|35568|und|5|772|772
node|aanvraag|0|35568|35568|und|6|783|783
node|aanvraag|0|35570|35570|und|0|778|778
node|aanvraag|0|35656|35656|und|0|786|786
node|aanvraag|0|35659|35659|und|0|789|789
node|aanvraag|0|35661|35661|und|0|795|795
node|aanvraag|0|35678|35678|und|0|800|800
node|aanvraag|0|35682|35682|und|0|803|803
node|aanvraag|0|35737|35737|und|0|807|807
node|aanvraag|0|35749|35749|und|0|810|810
node|aanvraag|0|35749|35749|und|1|813|813
node|aanvraag|0|35749|35749|und|2|816|816
node|aanvraag|0|35749|35749|und|3|819|819
node|aanvraag|0|35768|35768|und|0|822|822
node|aanvraag|0|35854|35854|und|0|838|838
node|aanvraag|0|35948|35948|und|0|864|864
node|aanvraag|0|35948|35948|und|1|867|867
node|aanvraag|0|36013|36013|und|0|870|870
node|aanvraag|0|36013|36013|und|1|873|873
node|aanvraag|0|36067|36067|und|0|879|879
node|aanvraag|0|36067|36067|und|1|882|882
node|aanvraag|0|36067|36067|und|2|885|885
node|aanvraag|0|36176|36176|und|0|891|891
node|aanvraag|0|36210|36210|und|0|895|895
node|aanvraag|0|36254|36254|und|0|914|914
node|aanvraag|0|36272|36272|und|0|922|922
node|aanvraag|0|36272|36272|und|1|925|925
node|aanvraag|0|36272|36272|und|2|927|927
node|aanvraag|0|36272|36272|und|3|930|930
node|aanvraag|0|36471|36471|und|0|935|935
node|aanvraag|0|36539|36539|und|0|946|946
node|aanvraag|0|36539|36539|und|1|950|950
node|aanvraag|0|36539|36539|und|2|954|954
node|aanvraag|0|36539|36539|und|3|958|958
node|aanvraag|0|36539|36539|und|4|962|962
node|aanvraag|0|36539|36539|und|5|966|966
node|aanvraag|0|36664|36664|und|0|974|974
node|aanvraag|0|36714|36714|und|0|977|977
node|aanvraag|0|36750|36750|und|0|982|982
node|aanvraag|0|36750|36750|und|1|985|985
node|aanvraag|0|36750|36750|und|2|988|988
node|aanvraag|0|36773|36773|und|0|990|990
node|aanvraag|0|36774|36774|und|0|995|995
node|aanvraag|0|36775|36775|und|0|1000|1000
node|aanvraag|0|36776|36776|und|0|1005|1005
node|aanvraag|0|36777|36777|und|0|1010|1010
node|aanvraag|0|36778|36778|und|0|1015|1015
node|aanvraag|0|36779|36779|und|0|1020|1020
node|aanvraag|0|36887|36887|und|0|1027|1027
node|aanvraag|0|36888|36888|und|0|1029|1029
node|aanvraag|0|36889|36889|und|0|1031|1031
node|aanvraag|0|36905|36905|und|0|1033|1033
node|aanvraag|0|36905|36905|und|1|1036|1036
node|aanvraag|0|36905|36905|und|2|1039|1039
node|aanvraag|0|36905|36905|und|3|1042|1042
node|aanvraag|0|36905|36905|und|4|1045|1045
node|aanvraag|0|36905|36905|und|5|1048|1048
node|aanvraag|0|37002|37002|und|0|1056|1056
node|aanvraag|0|37071|37071|und|0|1074|1074
node|aanvraag|0|37071|37071|und|1|1077|1077
node|aanvraag|0|37071|37071|und|2|1080|1080
node|aanvraag|0|37077|37077|und|0|1085|1085
node|aanvraag|0|37077|37077|und|1|1087|1087
node|aanvraag|0|37322|37322|und|0|1091|1091
node|aanvraag|0|37323|37323|und|0|1094|1094
node|aanvraag|0|37370|37370|und|0|1103|1103
node|aanvraag|0|37501|37501|und|0|1116|1116
node|aanvraag|0|37501|37501|und|1|1118|1118
node|aanvraag|0|37501|37501|und|2|1121|1121
node|aanvraag|0|37501|37501|und|3|1124|1124
node|aanvraag|0|37565|37565|und|0|1135|1135
node|aanvraag|0|37566|37566|und|0|1138|1138
node|aanvraag|0|37592|37592|und|0|1149|1149
node|aanvraag|0|37626|37626|und|0|1158|1158
node|aanvraag|0|37664|37664|und|0|1161|1161
node|aanvraag|0|37678|37678|und|0|1164|1164
node|aanvraag|0|37678|37678|und|1|1167|1167
node|aanvraag|0|37678|37678|und|2|1170|1170
node|aanvraag|0|37701|37701|und|0|1181|1181
node|aanvraag|0|37714|37714|und|0|1186|1186
node|aanvraag|0|37736|37736|und|0|1191|1191
node|aanvraag|0|37790|37790|und|0|1197|1197
node|aanvraag|0|37838|37838|und|0|1216|1216
node|aanvraag|0|37838|37838|und|1|1219|1219
node|aanvraag|0|37895|37895|und|0|1222|1222
node|aanvraag|0|37895|37895|und|1|1225|1225
node|aanvraag|0|37916|37916|und|0|1254|1254
node|aanvraag|0|37916|37916|und|1|1257|1257
node|aanvraag|0|37916|37916|und|2|1260|1260
node|aanvraag|0|37930|37930|und|0|1237|1237
node|aanvraag|0|38113|38113|und|0|1263|1263
node|aanvraag|0|38192|38192|und|0|1293|1293
node|aanvraag|0|38282|38282|und|0|1310|1310
node|aanvraag|0|38298|38298|und|0|1313|1313
node|aanvraag|0|38298|38298|und|1|1316|1316
node|aanvraag|0|38298|38298|und|2|1319|1319
node|aanvraag|0|38298|38298|und|3|1322|1322
node|aanvraag|0|38298|38298|und|4|1325|1325
node|aanvraag|0|38298|38298|und|5|1328|1328
node|aanvraag|0|38298|38298|und|6|1331|1331
node|aanvraag|0|38465|38465|und|0|1339|1339
node|aanvraag|0|38465|38465|und|1|1343|1343
node|aanvraag|0|38465|38465|und|2|1346|1346
node|aanvraag|0|38465|38465|und|3|1349|1349
node|aanvraag|0|38491|38491|und|0|1352|1352
node|aanvraag|0|38557|38557|und|0|1434|1434
node|aanvraag|0|38557|38557|und|1|1436|1436
node|aanvraag|0|38557|38557|und|2|1438|1438
node|aanvraag|0|38560|38560|und|0|1358|1358
node|aanvraag|0|38560|38560|und|1|1361|1361
node|aanvraag|0|38582|38582|und|0|1367|1367
node|aanvraag|0|38764|38764|und|0|1413|1413
node|aanvraag|0|38944|38944|und|0|1445|1445
node|aanvraag|0|38979|38979|und|0|1449|1449
node|aanvraag|0|38994|38994|und|0|1451|1451
node|aanvraag|0|39010|39010|und|0|1456|1456
node|aanvraag|0|39021|39021|und|0|1461|1461
node|aanvraag|0|39021|39021|und|1|1464|1464
node|aanvraag|0|39021|39021|und|2|1467|1467
node|aanvraag|0|39092|39092|und|0|1479|1479
node|aanvraag|0|39092|39092|und|1|1482|1482
node|aanvraag|0|39092|39092|und|2|1485|1485
node|aanvraag|0|39126|39126|und|0|1515|1515
node|aanvraag|0|39165|39165|und|0|1496|1496
node|aanvraag|0|39165|39165|und|1|1499|1499
node|aanvraag|0|39165|39165|und|2|1502|1502
node|aanvraag|0|39165|39165|und|3|1505|1505
node|aanvraag|0|39175|39175|und|0|1508|1508
node|aanvraag|0|39237|39237|und|0|1518|1518
node|aanvraag|0|39342|39342|und|0|1522|1522
node|aanvraag|0|39344|39344|und|0|1528|1528
node|aanvraag|0|39351|39351|und|0|1559|1559
node|aanvraag|0|39377|39377|und|0|1540|1540
node|aanvraag|0|39378|39378|und|0|1543|1543
node|aanvraag|0|39414|39414|und|0|1550|1550
node|aanvraag|0|39414|39414|und|1|1552|1552
node|aanvraag|0|39461|39461|und|0|1564|1564
node|aanvraag|0|39461|39461|und|1|1567|1567
node|aanvraag|0|39465|39465|und|0|1572|1572
node|aanvraag|0|39473|39473|und|0|1575|1575
node|aanvraag|0|39473|39473|und|1|1579|1579
node|aanvraag|0|39473|39473|und|2|1583|1583
node|aanvraag|0|39473|39473|und|3|1587|1587
node|aanvraag|0|39473|39473|und|4|1591|1591
node|aanvraag|0|39479|39479|und|0|1597|1597
node|aanvraag|0|39486|39486|und|0|1599|1599
node|aanvraag|0|39486|39486|und|1|1601|1601
node|aanvraag|0|39486|39486|und|2|1603|1603
node|aanvraag|0|39486|39486|und|3|1605|1605
node|aanvraag|0|39527|39527|und|0|1617|1617
node|aanvraag|0|39610|39610|und|0|1622|1622
node|aanvraag|0|39610|39610|und|1|1625|1625
node|aanvraag|0|39610|39610|und|2|1628|1628
node|aanvraag|0|39688|39688|und|0|1631|1631
node|aanvraag|0|39699|39699|und|0|1634|1634
node|aanvraag|0|39816|39816|und|0|1643|1643
node|aanvraag|0|39879|39879|und|0|1648|1648
node|aanvraag|0|39879|39879|und|1|1651|1651
node|aanvraag|0|39879|39879|und|2|1654|1654
node|aanvraag|0|39879|39879|und|3|1657|1657
node|aanvraag|0|39914|39914|und|0|1662|1662
node|aanvraag|0|39921|39921|und|0|1673|1673
node|aanvraag|0|39921|39921|und|1|1675|1675
node|aanvraag|0|39945|39945|und|0|1678|1678
node|aanvraag|0|39945|39945|und|1|1680|1680
node|aanvraag|0|39964|39964|und|0|1685|1685
node|aanvraag|0|39964|39964|und|1|1687|1687
node|aanvraag|0|40014|40014|und|0|1689|1689
node|aanvraag|0|40148|40148|und|0|1698|1698
node|aanvraag|0|40148|40148|und|1|1701|1701
node|aanvraag|0|40148|40148|und|2|1704|1704
node|aanvraag|0|40156|40156|und|0|1718|1718
node|aanvraag|0|40156|40156|und|1|1720|1720
node|aanvraag|0|40307|40307|und|0|1729|1729
node|aanvraag|0|40307|40307|und|1|1731|1731
node|aanvraag|0|40504|40504|und|0|1808|1808
node|aanvraag|0|40666|40666|und|0|1839|1839
node|aanvraag|0|40690|40690|und|0|1833|1833
node|aanvraag|0|40690|40690|und|1|1835|1835
node|aanvraag|0|40730|40730|und|0|1846|1846
node|aanvraag|0|40792|40792|und|0|1853|1853
node|aanvraag|0|40836|40836|und|0|1863|1863
node|aanvraag|0|40909|40909|und|0|1876|1876
node|aanvraag|0|40917|40917|und|0|1880|1880
node|aanvraag|0|41079|41079|und|0|1908|1908
node|aanvraag|0|41079|41079|und|1|1920|1920
node|aanvraag|0|41117|41117|und|0|1931|1931
node|aanvraag|0|41157|41157|und|0|1939|1939
node|aanvraag|0|41162|41162|und|0|1970|1970
node|aanvraag|0|41163|41163|und|0|1953|1953
node|aanvraag|0|41163|41163|und|1|1957|1957
node|aanvraag|0|41165|41165|und|0|1966|1966
node|aanvraag|0|41165|41165|und|1|1968|1968
node|aanvraag|0|41167|41167|und|0|1972|1972
node|aanvraag|0|41167|41167|und|1|1975|1975
node|aanvraag|0|41187|41187|und|0|2014|2014
node|aanvraag|0|41188|41188|und|0|2017|2017
node|aanvraag|0|41189|41189|und|0|2020|2020
node|aanvraag|0|41191|41191|und|0|2025|2025
node|aanvraag|0|41201|41201|und|0|2063|2063
node|aanvraag|0|41202|41202|und|0|2066|2066
node|aanvraag|0|41203|41203|und|0|2069|2069
node|aanvraag|0|41205|41205|und|0|2078|2078
node|aanvraag|0|41207|41207|und|0|2089|2089
node|aanvraag|0|41207|41207|und|1|2093|2093
node|aanvraag|0|41211|41211|und|0|2117|2117
node|aanvraag|0|41212|41212|und|0|2121|2121
node|aanvraag|0|41212|41212|und|1|2124|2124
node|aanvraag|0|41212|41212|und|2|2127|2127
node|aanvraag|0|41213|41213|und|0|2136|2136
node|aanvraag|0|41214|41214|und|0|2163|2163
node|aanvraag|0|41214|41214|und|1|2166|2166
node|aanvraag|0|41214|41214|und|2|2169|2169
node|aanvraag|0|41214|41214|und|3|2172|2172
node|aanvraag|0|41214|41214|und|4|2175|2175
node|aanvraag|0|41214|41214|und|5|2178|2178
node|aanvraag|0|41217|41217|und|0|2192|2192
node|aanvraag|0|41218|41218|und|0|2196|2196
node|aanvraag|0|41222|41222|und|0|2229|2229
node|aanvraag|0|41233|41233|und|0|2283|2283
node|aanvraag|0|41237|41237|und|0|2298|2298
node|aanvraag|0|41240|41240|und|0|2307|2307
node|aanvraag|0|41240|41240|und|1|2309|2309
node|aanvraag|0|41242|41242|und|0|2323|2323
node|aanvraag|0|41242|41242|und|1|2326|2326
node|aanvraag|0|41242|41242|und|2|2329|2329
node|aanvraag|0|41244|41244|und|0|2347|2347
node|aanvraag|0|41246|41246|und|0|2352|2352
node|aanvraag|0|41252|41252|und|0|2397|2397
node|aanvraag|0|41255|41255|und|0|2403|2403
node|aanvraag|0|41256|41256|und|0|2409|2409
node|aanvraag|0|41257|41257|und|0|2413|2413
node|aanvraag|0|41258|41258|und|0|2418|2418
node|aanvraag|0|41259|41259|und|0|2424|2424
node|aanvraag|0|41260|41260|und|0|2435|2435
node|aanvraag|0|41266|41266|und|0|2448|2448
node|aanvraag|0|41269|41269|und|0|2454|2454
node|aanvraag|0|41270|41270|und|0|2460|2460
node|aanvraag|0|41274|41274|und|0|2474|2474
node|aanvraag|0|41275|41275|und|0|2476|2476
node|aanvraag|0|41276|41276|und|0|2478|2478
node|aanvraag|0|41277|41277|und|0|2484|2484
node|aanvraag|0|41278|41278|und|0|2495|2495
node|aanvraag|0|41281|41281|und|0|2505|2505
node|aanvraag|0|41282|41282|und|0|2508|2508
node|aanvraag|0|41286|41286|und|0|2515|2515
node|aanvraag|0|41287|41287|und|0|2521|2521
node|aanvraag|0|41288|41288|und|0|2527|2527
node|aanvraag|0|41289|41289|und|0|2530|2530
node|aanvraag|0|41290|41290|und|0|2533|2533
node|aanvraag|0|41290|41290|und|1|2535|2535
node|aanvraag|0|41290|41290|und|2|2537|2537
node|aanvraag|0|41290|41290|und|3|2539|2539
node|aanvraag|0|41291|41291|und|0|2541|2541
node|aanvraag|0|41297|41297|und|0|2560|2560
node|aanvraag|0|41300|41300|und|0|2572|2572
node|aanvraag|0|41305|41305|und|0|2590|2590
node|aanvraag|0|41305|41305|und|1|2593|2593
node|aanvraag|0|41306|41306|und|0|2602|2602
node|aanvraag|0|41306|41306|und|1|2605|2605
node|aanvraag|0|41306|41306|und|2|2608|2608
node|aanvraag|0|41306|41306|und|3|2611|2611
node|aanvraag|0|41307|41307|und|0|2614|2614
node|aanvraag|0|41308|41308|und|0|2616|2616
node|aanvraag|0|41309|41309|und|0|2619|2619
node|aanvraag|0|41310|41310|und|0|2622|2622
node|aanvraag|0|41317|41317|und|0|2638|2638
node|aanvraag|0|41317|41317|und|1|2642|2642
node|aanvraag|0|41319|41319|und|0|2659|2659
node|aanvraag|0|41319|41319|und|1|2662|2662
node|aanvraag|0|41319|41319|und|2|2706|2706
node|aanvraag|0|41322|41322|und|0|2685|2685
node|aanvraag|0|41325|41325|und|0|2691|2691
node|aanvraag|0|41325|41325|und|1|2693|2693
node|aanvraag|0|41330|41330|und|0|2712|2712
node|aanvraag|0|41331|41331|und|0|2730|2730
node|aanvraag|0|41331|41331|und|1|2733|2733
node|aanvraag|0|41331|41331|und|2|2736|2736
node|aanvraag|0|41332|41332|und|0|2739|2739
node|aanvraag|0|41340|41340|und|0|2759|2759
node|aanvraag|0|41341|41341|und|0|2754|2754
node|aanvraag|0|41343|41343|und|0|2764|2764
node|aanvraag|0|41347|41347|und|0|2785|2785
node|aanvraag|0|41350|41350|und|0|2797|2797
node|aanvraag|0|41350|41350|und|1|2801|2801
node|aanvraag|0|41356|41356|und|0|2821|2821
node|aanvraag|0|41359|41359|und|0|2827|2827
node|aanvraag|0|41360|41360|und|0|2848|2848
node|aanvraag|0|41361|41361|und|0|2854|2854
node|aanvraag|0|41363|41363|und|0|2860|2860
node|aanvraag|0|41367|41367|und|0|2875|2875
node|aanvraag|0|41377|41377|und|0|2914|2914
node|aanvraag|0|41380|41380|und|0|2921|2921
node|aanvraag|0|41383|41383|und|0|2928|2928
node|aanvraag|0|41383|41383|und|1|2932|2932
node|aanvraag|0|41385|41385|und|0|2936|2936
node|aanvraag|0|41388|41388|und|0|2947|2947
node|aanvraag|0|41392|41392|und|0|2955|2955
node|aanvraag|0|41392|41392|und|1|2957|2957
node|aanvraag|0|41392|41392|und|2|2959|2959
node|aanvraag|0|41394|41394|und|0|2962|2962
node|aanvraag|0|41395|41395|und|0|2965|2965
node|aanvraag|0|41396|41396|und|0|2975|2975
